[
  {
    "season": "فصل أول",
    "title": "بيولوجيا",
    "href": "#/Biology"
  },
  {
    "season": "فصل أول",
    "title": "فيزياء",
    "href": "#/Physics"
  },
  {
    "season": "فصل أول",
    "title": "كيمياء",
    "href": "#/Chemistry"
  },
  {
    "season": "فصل أول",
    "title": "تاريخ",
    "href": "#/History"
  },
  {
    "season": "فصل أول",
    "title": "لغة-1",
    "href": "#/E1"
  },
  {
    "season": "فصل ثاني",
    "title": "الوراثة",
    "href": "#/Genetics"
  },
  {
    "season": "فصل ثاني",
    "title": "التشريح",
    "href": "#/Anatomy"
  },
  {
    "season": "فصل ثاني",
    "title": "فيزيولوجيا",
    "href": "#/physiology"
  },
  {
    "season": "فصل ثاني",
    "title": "الإحصاء",
    "href": "#/e7saa"
  },
  {
    "season": "فصل ثاني",
    "title": "لغة-2",
    "href": "#/E2"
  }
]