{"MCQTEAM":{"validate":0,"type":"free","uni":"wtni-bshre1"},"SM":{"validate":0,"type":"free","uni":"wnti-bhsre1","meno":"doaa"},"MCQBESTAPP20245":{"validate":55,"type":"promo","uni":"wtni-bshre","meno":"yousef"},"MCQQ7GMV":{"validate":0,"type":"paid","uni":"wtni-bshre","meno":"yousef"},"MCQ7IOVZ":{"validate":0,"type":"paid","uni":"wtni-bshre","meno":"yousef"},"MCQAOK9C":{"validate":0,"type":"paid","uni":"wtni-bshre","meno":"yousef"},"MCQA0GWM":{"validate":0,"type":"paid","uni":"wtni-bshre","meno":"yousef"},"MCQF5189":{"validate":0,"type":"paid","uni":"wtni-bshre","meno":"yousef"},"MCQM1JC5":{"validate":0,"type":"paid","uni":"wtni-bshre","meno":"yousef"},"MCQGBMEA":{"validate":1,"type":"paid","uni":"wtni-bshre","meno":"yousef"},"MCQ7ZBAB":{"validate":0,"type":"paid","uni":"wtni-bshre","meno":"yousef"},"MCQIAPME":{"validate":0,"type":"paid","uni":"wtni-bshre","meno":"yousef"},"MCQSRJDK":{"validate":0,"type":"paid","uni":"wtni-bshre","meno":"yousef"},"MCQEN2D8":{"validate":0,"type":"paid","uni":"wtni-bshre","meno":"yousef"},"MCQXCDBW":{"validate":0,"type":"paid","uni":"wtni-bshre","meno":"yousef"},"MCQGNKNA":{"validate":0,"type":"paid","uni":"wtni-bshre","meno":"yousef"},"MCQZX9L6":{"validate":0,"type":"paid","uni":"wtni-bshre","meno":"yousef"},"MCQUJ1ZV":{"validate":0,"type":"paid","uni":"wtni-bshre","meno":"yousef"},"MCQXEK4J":{"validate":0,"type":"paid","uni":"wtni-bshre","meno":"yousef"},"MCQ7OROL":{"validate":0,"type":"paid","uni":"wtni-bshre","meno":"yousef"},"MCQQ9ZBK":{"validate":1,"type":"paid","uni":"wtni-bshre","meno":"yoSusef"},"MCQ0JRFL":{"validate":0,"type":"paid","uni":"wtni-bshre","meno":"yousef"},"MCQ4F4JK":{"validate":0,"type":"paid","uni":"wtni-bshre","meno":"yousef"},"MCQCVUAX":{"validate":0,"type":"paid","uni":"wtni-bshre","meno":"yousef"},"MCQTAUFV":{"validate":0,"type":"paid","uni":"wtni-bshre","meno":"yousef"},"MCQFWQCM":{"validate":0,"type":"paid","uni":"wtni-bshre","meno":"yousef"},"MCQUUE1H":{"validate":0,"type":"paid","uni":"wtni-bshre","meno":"yousef"},"MCQJ7AI1":{"validate":0,"type":"paid","uni":"wtni-bshre","meno":"yousef"},"MCQG1TLA":{"validate":0,"type":"paid","uni":"wtni-bshre","meno":"yousef"},"MCQPFTRF":{"validate":0,"type":"paid","uni":"wtni-bshre","meno":"yousef"},"MCQFD9J4":{"validate":0,"type":"paid","uni":"wtni-bshre","meno":"yousef"},"MCQPMW8W":{"validate":0,"type":"paid","uni":"wtni-bshre","meno":"yousef"},"MCQCI1MR":{"validate":0,"type":"paid","uni":"wtni-bshre","meno":"yousef"},"MCQY43E0":{"validate":0,"type":"paid","uni":"wtni-bshre","meno":"yousef"},"MCQ9VJJJ":{"validate":0,"type":"paid","uni":"wtni-bshre","meno":"yousef"},"MCQSM3P7":{"validate":0,"type":"paid","uni":"wtni-bshre","meno":"yousef"},"MCQ3TMFC":{"validate":0,"type":"paid","uni":"wtni-bshre","meno":"yousef"},"MCQUREYU":{"validate":0,"type":"paid","uni":"wtni-bshre","meno":"yousef"},"MCQTB1G1":{"validate":0,"type":"paid","uni":"wtni-bshre","meno":"yousef"},"MCQOV0YV":{"validate":0,"type":"paid","uni":"wtni-bshre","meno":"yousef"},"MCQJ7G8T":{"validate":0,"type":"paid","uni":"wtni-bshre","meno":"yousef"},"MCQ5YURJ":{"validate":0,"type":"paid","uni":"wtni-bshre","meno":"yousef"},"MCQBUJ8Q":{"validate":0,"type":"paid","uni":"wtni-bshre","meno":"yousef"},"MCQ2W2R6":{"validate":1,"type":"paid","uni":"wtni-bshre","meno":"yousef"},"MCQY0YC9":{"validate":1,"type":"paid","uni":"wtni-bshre","meno":"yousef"},"MCQIL2Y4":{"validate":1,"type":"paid","uni":"wtni-bshre","meno":"yousef"},"MCQXOIA0":{"validate":1,"type":"paid","uni":"wtni-bshre","meno":"yousef"},"MCQ8MG4B":{"validate":1,"type":"paid","uni":"wtni-bshre","meno":"yousef"},"MCQ0MY6E":{"validate":1,"type":"paid","uni":"wtni-bshre","meno":"yousef"},"MCQTFTWA":{"validate":1,"type":"paid","uni":"wtni-bshre","meno":"yousef"},"MCQA2SJW":{"validate":1,"type":"paid","uni":"wtni-bshre","meno":"yousef"},"MCQ0RB64":{"validate":1,"type":"paid","uni":"wtni-bshre","meno":"yousef"},"MCQDNPA6":{"validate":1,"type":"paid","uni":"wtni-bshre","meno":"yousef"},"MCQHDTTI":{"validate":1,"type":"paid","uni":"wtni-bshre","meno":"yousef"},"MCQQ3LC4":{"validate":1,"type":"paid","uni":"wtni-bshre","meno":"yousef"},"MCQ6TC43":{"validate":1,"type":"paid","uni":"wtni-bshre","meno":"yousef"},"MCQJMXRM":{"validate":1,"type":"paid","uni":"wtni-bshre","meno":"yousef"},"MCQUU7CS":{"validate":1,"type":"paid","uni":"wtni-bshre","meno":"yousef"},"MCQV53M4":{"validate":1,"type":"paid","uni":"wtni-bshre","meno":"yousef"},"MCQ2BYMD":{"validate":1,"type":"paid","uni":"wtni-bshre","meno":"yousef"},"MCQABBIO":{"validate":1,"type":"paid","uni":"wtni-bshre","meno":"yousef"},"MCQWMKGL":{"validate":1,"type":"paid","uni":"wtni-bshre","meno":"yousef"},"MCQMY2LE":{"validate":1,"type":"paid","uni":"wtni-bshre","meno":"yousef"},"MCQ5DJLY":{"validate":1,"type":"paid","uni":"wtni-bshre","meno":"yousef"},"MCQEC592":{"validate":1,"type":"paid","uni":"wtni-bshre","meno":"yousef"},"MCQKA59Y":{"validate":1,"type":"paid","uni":"wtni-bshre","meno":"yousef"},"MCQCP28R":{"validate":1,"type":"paid","uni":"wtni-bshre","meno":"yousef"},"MCQB9GQP":{"validate":1,"type":"paid","uni":"wtni-bshre","meno":"yousef"},"MCQV2K7W":{"validate":1,"type":"paid","uni":"wtni-bshre","meno":"yousef"},"MCQHZRWR":{"validate":1,"type":"paid","uni":"wtni-bshre","meno":"yousef"},"MCQ7ZPVD":{"validate":1,"type":"paid","uni":"wtni-bshre","meno":"yousef"},"MCQOHYEA":{"validate":1,"type":"paid","uni":"wtni-bshre","meno":"yousef"},"MCQOY9O7":{"validate":1,"type":"paid","uni":"wtni-bshre","meno":"yousef"},"MCQX7NB0":{"validate":1,"type":"paid","uni":"wtni-bshre","meno":"yousef"},"MCQJ6H5K":{"validate":1,"type":"paid","uni":"wtni-bshre","meno":"yousef"},"MCQOE8ME":{"validate":0,"type":"paid","uni":"wtni-bshre","meno":"yousef"},"MCQZ66IY":{"validate":0,"type":"paid","uni":"wtni-bshre","meno":"yousef"},"MCQAMJ9C":{"validate":0,"type":"paid","uni":"wtni-bshre","meno":"yousef"},"MCQ53RQP":{"validate":0,"type":"paid","uni":"wtni-bshre","meno":"yousef"},"MCQP0VM2":{"validate":0,"type":"paid","uni":"wtni-bshre","meno":"yousef"},"MCQ7SSX1":{"validate":0,"type":"paid","uni":"wtni-bshre","meno":"yousef"},"MCQ4BMP4":{"validate":0,"type":"paid","uni":"wtni-bshre","meno":"yousef"},"MCQJOLK6":{"validate":1,"type":"paid","uni":"wtni-bshre","meno":"yousef"},"MCQAQTC0":{"validate":1,"type":"paid","uni":"wtni-bshre","meno":"yousef"},"MCQ4K5GW":{"validate":0,"type":"paid","uni":"wtni-bshre","meno":"yousef"},"MCQQRMSN":{"validate":0,"type":"paid","uni":"wtni-bshre","meno":"yousef"},"MCQ2U3OQ":{"validate":1,"type":"paid","uni":"wtni-bshre","meno":"yousef"},"MCQ2WCUV":{"validate":0,"type":"paid","uni":"wtni-bshre","meno":"yousef"},"MCQFS783":{"validate":1,"type":"paid","uni":"wtni-bshre","meno":"yousef"},"MCQP29RJ":{"validate":1,"type":"paid","uni":"wtni-bshre","meno":"yousef"},"MCQY7ED5":{"validate":1,"type":"paid","uni":"wtni-bshre","meno":"yousef"},"MCQVSG9Z":{"validate":1,"type":"paid","uni":"wtni-bshre","meno":"yousef"},"MCQMYAO2":{"validate":1,"type":"paid","uni":"wtni-bshre","meno":"yousef"},"MCQ8DN2D":{"validate":1,"type":"paid","uni":"wtni-bshre","meno":"yousef"},"MCQTR0NU":{"validate":1,"type":"paid","uni":"wtni-bshre","meno":"yousef"},"MCQ3TOQH":{"validate":1,"type":"paid","uni":"wtni-bshre","meno":"yousef"},"MCQNJGCA":{"validate":1,"type":"paid","uni":"wtni-bshre","meno":"yousef"},"MCQDDNX5":{"validate":1,"type":"paid","uni":"wtni-bshre","meno":"yousef"},"MCQBXUE0":{"validate":1,"type":"paid","uni":"wtni-bshre","meno":"yousef"},"MCQ6W6DK":{"validate":1,"type":"paid","uni":"wtni-bshre","meno":"yousef"},"MCQ84LM6":{"validate":1,"type":"paid","uni":"wtni-bshre","meno":"yousef"},"MCQ6TZ1M":{"validate":1,"type":"paid","uni":"wtni-bshre","meno":"yousef"},"MCQIME1G":{"validate":1,"type":"paid","uni":"wtni-bshre","meno":"yousef"},"MCQ9Y04T":{"validate":1,"type":"paid","uni":"wtni-bshre","meno":"yousef"},"MCQ1WS8F":{"validate":1,"type":"paid","uni":"wtni-bshre","meno":"yousef"},"MCQ9YF8K":{"validate":1,"type":"paid","uni":"wtni-bshre","meno":"yousef"},"MCQEOB4W":{"validate":1,"type":"paid","uni":"wtni-bshre","meno":"yousef"},"MCQYOO89":{"validate":1,"type":"paid","uni":"wtni-bshre","meno":"yousef"},"MCQIT4Y5":{"validate":1,"type":"paid","uni":"wtni-bshre","meno":"yousef"},"MCQ2ZRNK":{"validate":1,"type":"paid","uni":"wtni-bshre","meno":"yousef"},"MCQZR1V6":{"validate":1,"type":"paid","uni":"wtni-bshre","meno":"yousef"},"MCQS6FBK":{"validate":1,"type":"paid","uni":"wtni-bshre","meno":"yousef"},"MCQO022Z":{"validate":1,"type":"paid","uni":"wtni-bshre","meno":"yousef"},"MCQLCZI2":{"validate":1,"type":"paid","uni":"wtni-bshre","meno":"yousef"},"MCQQTMTJ":{"validate":1,"type":"paid","uni":"wtni-bshre","meno":"yousef"},"MCQCH3UH":{"validate":0,"type":"paid","uni":"wtni-bshre","meno":"yousef"},"MCQUN4LK":{"validate":1,"type":"paid","uni":"wtni-bshre","meno":"yousef"},"MCQDAUHM":{"validate":1,"type":"paid","uni":"wtni-bshre","meno":"yousef"},"MCQYNHUD":{"validate":1,"type":"paid","uni":"wtni-bshre","meno":"yousef"},"MCQDXL1Q":{"validate":1,"type":"paid","uni":"wtni-bshre","meno":"yousef"},"MCQ5VCS5":{"validate":1,"type":"paid","uni":"wtni-bshre","meno":"yousef"},"MCQX4PCB":{"validate":1,"type":"paid","uni":"wtni-bshre","meno":"yousef"},"MCQS6LQ8":{"validate":1,"type":"paid","uni":"wtni-bshre","meno":"yousef"},"MCQN9FE1":{"validate":1,"type":"paid","uni":"wtni-bshre","meno":"yousef"},"MCQRWSSH":{"validate":1,"type":"paid","uni":"wtni-bshre","meno":"yousef"},"MCQ1C89P":{"validate":1,"type":"paid","uni":"wtni-bshre","meno":"yousef"},"MCQ7E48Y":{"validate":1,"type":"paid","uni":"wtni-bshre","meno":"yousef"},"MCQWSKTH":{"validate":1,"type":"paid","uni":"wtni-bshre","meno":"yousef"},"MCQIPBSU":{"validate":1,"type":"paid","uni":"wtni-bshre","meno":"yousef"},"MCQKAZE2":{"validate":1,"type":"paid","uni":"wtni-bshre","meno":"yousef"},"MCQFY379":{"validate":1,"type":"paid","uni":"wtni-bshre","meno":"yousef"},"MCQ9DBMB":{"validate":1,"type":"paid","uni":"wtni-bshre","meno":"yousef"},"MCQAC5C2":{"validate":1,"type":"paid","uni":"wtni-bshre","meno":"yousef"},"MCQXEKYQ":{"validate":1,"type":"paid","uni":"wtni-bshre","meno":"yousef"},"MCQHY4ZA":{"validate":1,"type":"paid","uni":"wtni-bshre","meno":"yousef"},"MCQJUWN1":{"validate":1,"type":"paid","uni":"wtni-bshre","meno":"yousef"},"MCQN1YIH":{"validate":1,"type":"paid","uni":"wtni-bshre","meno":"yousef"},"MCQCYEA8":{"validate":1,"type":"paid","uni":"wtni-bshre","meno":"yousef"},"MCQV2XWH":{"validate":1,"type":"paid","uni":"wtni-bshre","meno":"yousef"},"MCQMNH69":{"validate":1,"type":"paid","uni":"wtni-bshre","meno":"yousef"},"MCQGPTEK":{"validate":1,"type":"paid","uni":"wtni-bshre","meno":"yousef"},"MCQIDVJI":{"validate":1,"type":"paid","uni":"wtni-bshre","meno":"yousef"},"MCQTSMRW":{"validate":1,"type":"paid","uni":"wtni-bshre","meno":"yousef"},"MCQU2LJ1":{"validate":1,"type":"paid","uni":"wtni-bshre","meno":"yousef"},"MCQ0YDJ0":{"validate":1,"type":"paid","uni":"wtni-bshre","meno":"yousef"},"MCQTRWO1":{"validate":1,"type":"paid","uni":"wtni-bshre","meno":"yousef"},"MCQHYI3R":{"validate":1,"type":"paid","uni":"wtni-bshre","meno":"yousef"},"MCQA1YUS":{"validate":1,"type":"paid","uni":"wtni-bshre","meno":"yousef"},"MCQUJJQ9":{"validate":1,"type":"paid","uni":"wtni-bshre","meno":"yousef"},"MCQNU2U0":{"validate":1,"type":"paid","uni":"wtni-bshre","meno":"yousef"},"MCQ5G0BW":{"validate":1,"type":"paid","uni":"wtni-bshre","meno":"yousef"},"MCQUK2CQ":{"validate":1,"type":"paid","uni":"wtni-bshre","meno":"yousef"},"MCQF2K1N":{"validate":1,"type":"paid","uni":"wtni-bshre","meno":"yousef"},"MCQEYRHJ":{"validate":1,"type":"paid","uni":"wtni-bshre","meno":"yousef"},"MCQTK26G":{"validate":1,"type":"paid","uni":"wtni-bshre","meno":"yousef"},"MCQXGRII":{"validate":1,"type":"paid","uni":"wtni-bshre","meno":"yousef"},"MCQ6W9MW":{"validate":1,"type":"paid","uni":"wtni-bshre","meno":"yousef"},"MCQJCQBR":{"validate":1,"type":"paid","uni":"wtni-bshre","meno":"yousef"},"MCQ9CRQO":{"validate":1,"type":"paid","uni":"wtni-bshre","meno":"yousef"},"MCQ6LOTD":{"validate":1,"type":"paid","uni":"wtni-bshre","meno":"yousef"},"MCQ8PNMQ":{"validate":1,"type":"paid","uni":"wtni-bshre","meno":"yousef"},"MCQLCJJG":{"validate":1,"type":"paid","uni":"wtni-bshre","meno":"yousef"},"MCQ6YDF3":{"validate":1,"type":"paid","uni":"wtni-bshre","meno":"yousef"},"MCQA3UWB":{"validate":1,"type":"paid","uni":"wtni-bshre","meno":"yousef"},"MCQVBVTB":{"validate":1,"type":"paid","uni":"wtni-bshre","meno":"yousef"},"MCQUUVH4":{"validate":1,"type":"paid","uni":"wtni-bshre","meno":"yousef"},"MCQW71NN":{"validate":1,"type":"paid","uni":"wtni-bshre","meno":"yousef"},"MCQZ5A22":{"validate":1,"type":"paid","uni":"wtni-bshre","meno":"yousef"},"MCQRWJUS":{"validate":1,"type":"paid","uni":"wtni-bshre","meno":"yousef"},"MCQU4NRD":{"validate":1,"type":"paid","uni":"wtni-bshre","meno":"yousef"},"MCQX0ELS":{"validate":1,"type":"paid","uni":"wtni-bshre","meno":"yousef"},"MCQVHBOB":{"validate":1,"type":"paid","uni":"wtni-bshre","meno":"yousef"},"MCQ26DAI":{"validate":1,"type":"paid","uni":"wtni-bshre","meno":"yousef"},"MCQRUVS6":{"validate":1,"type":"paid","uni":"wtni-bshre","meno":"yousef"},"MCQF4FHV":{"validate":1,"type":"paid","uni":"wtni-bshre","meno":"yousef"},"MCQM2V8Q":{"validate":1,"type":"paid","uni":"wtni-bshre","meno":"yousef"},"MCQZEBWI":{"validate":1,"type":"paid","uni":"wtni-bshre","meno":"yousef"},"MCQ6JLFR":{"validate":1,"type":"paid","uni":"wtni-bshre","meno":"yousef"},"MCQGSR7N":{"validate":1,"type":"paid","uni":"wtni-bshre","meno":"yousef"},"MCQ0IGS8":{"validate":1,"type":"paid","uni":"wtni-bshre","meno":"yousef"},"MCQSM7BA":{"validate":1,"type":"paid","uni":"wtni-bshre","meno":"yousef"},"MCQ016PN":{"validate":1,"type":"paid","uni":"wtni-bshre","meno":"yousef"},"MCQIHJRM":{"validate":1,"type":"paid","uni":"wtni-bshre","meno":"yousef"},"MCQ9TQ90":{"validate":1,"type":"paid","uni":"wtni-bshre","meno":"yousef"},"MCQNLWWY":{"validate":1,"type":"paid","uni":"wtni-bshre","meno":"yousef"},"MCQU71C6":{"validate":1,"type":"paid","uni":"wtni-bshre","meno":"yousef"},"MCQP5Y1D":{"validate":1,"type":"paid","uni":"wtni-bshre","meno":"yousef"},"MCQEZ3EN":{"validate":1,"type":"paid","uni":"wtni-bshre","meno":"yousef"},"MCQGLXOO":{"validate":0,"type":"paid","uni":"wtni-bshre","meno":"yousef"},"MCQLU16X":{"validate":1,"type":"paid","uni":"wtni-bshre","meno":"yousef"},"MCQIGY57":{"validate":1,"type":"paid","uni":"wtni-bshre","meno":"yousef"},"MCQ9TIIF":{"validate":1,"type":"paid","uni":"wtni-bshre","meno":"yousef"},"MCQAW5K9":{"validate":1,"type":"paid","uni":"wtni-bshre","meno":"yousef"},"MCQ1QEYA":{"validate":1,"type":"paid","uni":"wtni-bshre","meno":"yousef"},"MCQS54SN":{"validate":1,"type":"paid","uni":"wtni-bshre","meno":"yousef"},"MCQZ8SFO":{"validate":1,"type":"paid","uni":"wtni-bshre","meno":"yousef"},"MCQ31DWH":{"validate":1,"type":"paid","uni":"wtni-bshre","meno":"yousef"},"MCQD0E1V":{"validate":1,"type":"paid","uni":"wtni-bshre","meno":"yousef"},"MCQYU5K5":{"validate":1,"type":"paid","uni":"wtni-bshre","meno":"yousef"},"MCQWQ1CO":{"validate":1,"type":"paid","uni":"wtni-bshre","meno":"yousef"},"MCQQ84L2":{"validate":1,"type":"paid","uni":"wtni-bshre","meno":"yousef"},"MCQ8IPVO":{"validate":1,"type":"paid","uni":"wtni-bshre","meno":"yousef"},"MCQDAAHD":{"validate":1,"type":"paid","uni":"wtni-bshre","meno":"yousef"},"MCQL11UI":{"validate":1,"type":"paid","uni":"wtni-bshre","meno":"yousef"},"MCQTYCJ1":{"validate":1,"type":"paid","uni":"wtni-bshre","meno":"yousef"},"MCQXT7Z6":{"validate":1,"type":"paid","uni":"wtni-bshre","meno":"yousef"},"MCQTT832":{"validate":1,"type":"paid","uni":"wtni-bshre","meno":"yousef"},"MCQRJH3W":{"validate":1,"type":"paid","uni":"wtni-bshre","meno":"yousef"},"MCQC1CZ2":{"validate":1,"type":"paid","uni":"wtni-bshre","meno":"yousef"},"MCQ48KM6":{"validate":1,"type":"paid","uni":"wtni-bshre","meno":"yousef"},"MCQMTBEP":{"validate":1,"type":"paid","uni":"wtni-bshre","meno":"yousef"},"MCQRRRUM":{"validate":1,"type":"paid","uni":"wtni-bshre","meno":"yousef"},"MCQ5GK0D":{"validate":1,"type":"paid","uni":"wtni-bshre","meno":"yousef"},"MCQK5IM0":{"validate":1,"type":"paid","uni":"wtni-bshre","meno":"yousef"},"MCQZ4AK0":{"validate":1,"type":"paid","uni":"wtni-bshre","meno":"yousef"},"MCQT0AYQ":{"validate":1,"type":"paid","uni":"wtni-bshre","meno":"yousef"},"MCQ1GCEI":{"validate":1,"type":"paid","uni":"wtni-bshre","meno":"yousef"},"MCQF316A":{"validate":1,"type":"paid","uni":"wtni-bshre","meno":"yousef"},"MCQI1Y3K":{"validate":1,"type":"paid","uni":"wtni-bshre","meno":"yousef"},"MCQDUZCF":{"validate":1,"type":"paid","uni":"wtni-bshre","meno":"yousef"},"MCQMYO9S":{"validate":1,"type":"paid","uni":"wtni-bshre","meno":"yousef"},"MCQ6LIOI":{"validate":1,"type":"paid","uni":"wtni-bshre","meno":"yousef"},"MCQT1QED":{"validate":1,"type":"paid","uni":"wtni-bshre","meno":"yousef"},"MCQVUVLL":{"validate":1,"type":"paid","uni":"wtni-bshre","meno":"yousef"},"MCQDZ4ZC":{"validate":1,"type":"paid","uni":"wtni-bshre","meno":"yousef"},"MCQS0GZE":{"validate":1,"type":"paid","uni":"wtni-bshre","meno":"yousef"},"MCQ112V3":{"validate":1,"type":"paid","uni":"wtni-bshre","meno":"yousef"},"MCQOQ9SL":{"validate":1,"type":"paid","uni":"wtni-bshre","meno":"yousef"},"MCQO30JH":{"validate":1,"type":"paid","uni":"wtni-bshre","meno":"yousef"},"MCQ9F0BV":{"validate":1,"type":"paid","uni":"wtni-bshre","meno":"yousef"},"MCQEJRDW":{"validate":1,"type":"paid","uni":"wtni-bshre","meno":"yousef"},"MCQGWXW6":{"validate":1,"type":"paid","uni":"wtni-bshre","meno":"yousef"},"MCQQXM3Y":{"validate":1,"type":"paid","uni":"wtni-bshre","meno":"yousef"},"MCQVNH14":{"validate":1,"type":"paid","uni":"wtni-bshre","meno":"yousef"},"MCQOYB03":{"validate":1,"type":"paid","uni":"wtni-bshre","meno":"yousef"},"MCQOVIUT":{"validate":1,"type":"paid","uni":"wtni-bshre","meno":"yousef"},"MCQK0MPT":{"validate":1,"type":"paid","uni":"wtni-bshre","meno":"yousef"},"MCQG080Z":{"validate":1,"type":"paid","uni":"wtni-bshre","meno":"yousef"},"MCQYCHUB":{"validate":1,"type":"paid","uni":"wtni-bshre","meno":"yousef"},"MCQJ7CRC":{"validate":1,"type":"paid","uni":"wtni-bshre","meno":"yousef"},"MCQBMTI0":{"validate":1,"type":"paid","uni":"wtni-bshre","meno":"yousef"},"MCQGP9AK":{"validate":1,"type":"paid","uni":"wtni-bshre","meno":"yousef"},"MCQ0FGNU":{"validate":1,"type":"paid","uni":"wtni-bshre","meno":"yousef"},"MCQD7G62":{"validate":1,"type":"paid","uni":"wtni-bshre","meno":"yousef"},"MCQVRMCE":{"validate":1,"type":"paid","uni":"wtni-bshre","meno":"yousef"},"MCQKF0VN":{"validate":1,"type":"paid","uni":"wtni-bshre","meno":"yousef"},"MCQR5RBE":{"validate":1,"type":"paid","uni":"wtni-bshre","meno":"yousef"},"MCQOIK40":{"validate":1,"type":"paid","uni":"wtni-bshre","meno":"yousef"},"MCQE51NC":{"validate":1,"type":"paid","uni":"wtni-bshre","meno":"yousef"},"MCQUSSD4":{"validate":1,"type":"paid","uni":"wtni-bshre","meno":"yousef"},"MCQNAEVP":{"validate":1,"type":"paid","uni":"wtni-bshre","meno":"yousef"},"MCQWYXTK":{"validate":1,"type":"paid","uni":"wtni-bshre","meno":"yousef"},"MCQTSVU3":{"validate":1,"type":"paid","uni":"wtni-bshre","meno":"yousef"},"MCQKD7NL":{"validate":1,"type":"paid","uni":"wtni-bshre","meno":"yousef"},"MCQUW03Z":{"validate":1,"type":"paid","uni":"wtni-bshre","meno":"yousef"},"MCQJB2TQ":{"validate":1,"type":"paid","uni":"wtni-bshre","meno":"yousef"},"MCQ1PFR5":{"validate":1,"type":"paid","uni":"wtni-bshre","meno":"yousef"},"MCQ02SJJ":{"validate":1,"type":"paid","uni":"wtni-bshre","meno":"yousef"},"MCQ4RTIW":{"validate":1,"type":"paid","uni":"wtni-bshre","meno":"yousef"},"MCQ6F1GH":{"validate":1,"type":"paid","uni":"wtni-bshre","meno":"yousef"},"MCQSPIG4":{"validate":1,"type":"paid","uni":"wtni-bshre","meno":"yousef"},"MCQDGP8A":{"validate":1,"type":"paid","uni":"wtni-bshre","meno":"yousef"},"MCQM1UQT":{"validate":1,"type":"paid","uni":"wtni-bshre","meno":"yousef"},"MCQTH1BK":{"validate":1,"type":"paid","uni":"wtni-bshre","meno":"yousef"},"MCQOP0LP":{"validate":1,"type":"paid","uni":"wtni-bshre","meno":"yousef"},"MCQK0I14":{"validate":1,"type":"paid","uni":"wtni-bshre","meno":"yousef"},"MCQ5X30V":{"validate":1,"type":"paid","uni":"wtni-bshre","meno":"yousef"},"MCQGX7EM":{"validate":1,"type":"paid","uni":"wtni-bshre","meno":"yousef"},"MCQVZIBR":{"validate":1,"type":"paid","uni":"wtni-bshre","meno":"yousef"},"MCQ8D9GT":{"validate":1,"type":"paid","uni":"wtni-bshre","meno":"yousef"},"MCQNAIH6":{"validate":1,"type":"paid","uni":"wtni-bshre","meno":"yousef"},"MCQU3KFC":{"validate":1,"type":"paid","uni":"wtni-bshre","meno":"yousef"},"MCQ6OUZL":{"validate":1,"type":"paid","uni":"wtni-bshre","meno":"yousef"},"MCQ91D43":{"validate":1,"type":"paid","uni":"wtni-bshre","meno":"yousef"},"MCQPCHHC":{"validate":1,"type":"paid","uni":"wtni-bshre","meno":"yousef"},"MCQSRZ3K":{"validate":1,"type":"paid","uni":"wtni-bshre","meno":"yousef"},"MCQEARYZ":{"validate":1,"type":"paid","uni":"wtni-bshre","meno":"yousef"},"MCQMLIIG":{"validate":1,"type":"paid","uni":"wtni-bshre","meno":"yousef"},"MCQFW0YU":{"validate":1,"type":"paid","uni":"wtni-bshre","meno":"yousef"},"MCQ8SBO9":{"validate":1,"type":"paid","uni":"wtni-bshre","meno":"yousef"},"MCQUT4XW":{"validate":1,"type":"paid","uni":"wtni-bshre","meno":"yousef"},"MCQ40M65":{"validate":1,"type":"paid","uni":"wtni-bshre","meno":"yousef"},"MCQRQE2W":{"validate":1,"type":"paid","uni":"wtni-bshre","meno":"yousef"},"MCQRLKM4":{"validate":1,"type":"paid","uni":"wtni-bshre","meno":"yousef"},"MCQIF6S7":{"validate":1,"type":"paid","uni":"wtni-bshre","meno":"yousef"},"MCQCK7NL":{"validate":1,"type":"paid","uni":"wtni-bshre","meno":"yousef"},"MCQ4SBJT":{"validate":1,"type":"paid","uni":"wtni-bshre","meno":"yousef"},"MCQX036M":{"validate":1,"type":"paid","uni":"wtni-bshre","meno":"yousef"},"MCQZTADX":{"validate":1,"type":"paid","uni":"wtni-bshre","meno":"yousef"},"MCQ6400L":{"validate":1,"type":"paid","uni":"wtni-bshre","meno":"yousef"},"MCQPGTX2":{"validate":1,"type":"paid","uni":"wtni-bshre","meno":"yousef"},"MCQF0WF6":{"validate":1,"type":"paid","uni":"wtni-bshre","meno":"yousef"},"MCQ2DR89":{"validate":1,"type":"paid","uni":"wtni-bshre","meno":"yousef"},"MCQKVHFR":{"validate":1,"type":"paid","uni":"wtni-bshre","meno":"yousef"},"MCQKU5ZM":{"validate":1,"type":"paid","uni":"wtni-bshre","meno":"yousef"},"MCQ3G6PS":{"validate":1,"type":"paid","uni":"wtni-bshre","meno":"yousef"},"MCQ6BOIS":{"validate":1,"type":"paid","uni":"wtni-bshre","meno":"yousef"},"MCQKKGMV":{"validate":1,"type":"paid","uni":"wtni-bshre","meno":"yousef"},"MCQ1TZM3":{"validate":1,"type":"paid","uni":"wtni-bshre","meno":"yousef"},"MCQHE26O":{"validate":1,"type":"paid","uni":"wtni-bshre","meno":"yousef"},"MCQEZFXQ":{"validate":1,"type":"paid","uni":"wtni-bshre","meno":"yousef"},"MCQXDAUY":{"validate":1,"type":"paid","uni":"wtni-bshre","meno":"yousef"},"MCQ44UOW":{"validate":1,"type":"paid","uni":"wtni-bshre","meno":"yousef"},"MCQMEBAF":{"validate":1,"type":"paid","uni":"wtni-bshre","meno":"yousef"},"MCQFB25R":{"validate":1,"type":"paid","uni":"wtni-bshre","meno":"yousef"},"MCQICOJ2":{"validate":1,"type":"paid","uni":"wtni-bshre","meno":"yousef"},"MCQGFT2U":{"validate":1,"type":"paid","uni":"wtni-bshre","meno":"yousef"},"MCQLT79A":{"validate":1,"type":"paid","uni":"wtni-bshre","meno":"yousef"},"MCQX5653":{"validate":1,"type":"paid","uni":"wtni-bshre","meno":"yousef"},"MCQ15OA4":{"validate":1,"type":"paid","uni":"wtni-bshre","meno":"yousef"},"MCQULS3O":{"validate":1,"type":"paid","uni":"wtni-bshre","meno":"yousef"},"MCQ5YOYN":{"validate":1,"type":"paid","uni":"wtni-bshre","meno":"yousef"},"MCQE3WOK":{"validate":1,"type":"paid","uni":"wtni-bshre","meno":"yousef"},"MCQJ3IXN":{"validate":1,"type":"paid","uni":"wtni-bshre","meno":"yousef"},"MCQFNNP2":{"validate":1,"type":"paid","uni":"wtni-bshre","meno":"yousef"},"MCQAZITN":{"validate":1,"type":"paid","uni":"wtni-bshre","meno":"yousef"},"MCQ7L5ZK":{"validate":1,"type":"paid","uni":"wtni-bshre","meno":"yousef"},"MCQ3NGR8":{"validate":1,"type":"paid","uni":"wtni-bshre","meno":"yousef"},"MCQV1YWK":{"validate":1,"type":"paid","uni":"wtni-bshre","meno":"yousef"},"MCQDR5LL":{"validate":1,"type":"paid","uni":"wtni-bshre","meno":"yousef"},"MCQLM488":{"validate":1,"type":"paid","uni":"wtni-bshre","meno":"yousef"},"MCQS46GD":{"validate":1,"type":"paid","uni":"wtni-bshre","meno":"yousef"},"MCQPRBVD":{"validate":1,"type":"paid","uni":"wtni-bshre","meno":"yousef"},"MCQNMBOS":{"validate":1,"type":"paid","uni":"wtni-bshre","meno":"yousef"},"MCQQTYP5":{"validate":1,"type":"paid","uni":"wtni-bshre","meno":"yousef"},"MCQ88R4S":{"validate":1,"type":"paid","uni":"wtni-bshre","meno":"yousef"},"MCQY0NDE":{"validate":1,"type":"paid","uni":"wtni-bshre","meno":"yousef"},"MCQJI4HF":{"validate":1,"type":"paid","uni":"wtni-bshre","meno":"yousef"},"MCQ3RK0F":{"validate":1,"type":"paid","uni":"wtni-bshre","meno":"yousef"},"MCQZLHT5":{"validate":1,"type":"paid","uni":"wtni-bshre","meno":"yousef"},"MCQX68ID":{"validate":1,"type":"paid","uni":"wtni-bshre","meno":"yousef"},"MCQG2LAS":{"validate":1,"type":"paid","uni":"wtni-bshre","meno":"yousef"},"MCQ278D4":{"validate":1,"type":"paid","uni":"wtni-bshre","meno":"yousef"},"MCQR7XUV":{"validate":1,"type":"paid","uni":"wtni-bshre","meno":"yousef"},"MCQPRUU1":{"validate":1,"type":"paid","uni":"wtni-bshre","meno":"yousef"},"MCQSOYHJ":{"validate":1,"type":"paid","uni":"wtni-bshre","meno":"yousef"},"MCQVMNNY":{"validate":1,"type":"paid","uni":"wtni-bshre","meno":"yousef"},"MCQ14EQS":{"validate":1,"type":"paid","uni":"wtni-bshre","meno":"yousef"},"MCQ4HFYC":{"validate":1,"type":"paid","uni":"wtni-bshre","meno":"yousef"},"MCQBBACU":{"validate":1,"type":"paid","uni":"wtni-bshre","meno":"yousef"},"MCQFVE1W":{"validate":1,"type":"paid","uni":"wtni-bshre","meno":"yousef"},"MCQYCSL4":{"validate":1,"type":"paid","uni":"wtni-bshre","meno":"yousef"},"MCQLTTVK":{"validate":1,"type":"paid","uni":"wtni-bshre","meno":"yousef"},"MCQ0AG2R":{"validate":1,"type":"paid","uni":"wtni-bshre","meno":"yousef"},"MCQUJTXA":{"validate":1,"type":"paid","uni":"wtni-bshre","meno":"yousef"},"MCQTWMIJ":{"validate":1,"type":"paid","uni":"wtni-bshre","meno":"yousef"},"MCQCZBN3":{"validate":1,"type":"paid","uni":"wtni-bshre","meno":"yousef"},"MCQOONDI":{"validate":1,"type":"paid","uni":"wtni-bshre","meno":"yousef"},"MCQ5RAZV":{"validate":1,"type":"paid","uni":"wtni-bshre","meno":"yousef"},"MCQRCXWT":{"validate":1,"type":"paid","uni":"wtni-bshre","meno":"yousef"},"MCQTB74M":{"validate":1,"type":"paid","uni":"wtni-bshre","meno":"yousef"},"MCQUQQM0":{"validate":1,"type":"paid","uni":"wtni-bshre","meno":"yousef"},"MCQ10AXY":{"validate":1,"type":"paid","uni":"wtni-bshre","meno":"yousef"},"MCQ0KY7R":{"validate":1,"type":"paid","uni":"wtni-bshre","meno":"yousef"},"MCQ9SCHH":{"validate":1,"type":"paid","uni":"wtni-bshre","meno":"yousef"},"MCQGV0LX":{"validate":1,"type":"paid","uni":"wtni-bshre","meno":"yousef"},"MCQBU3KC":{"validate":1,"type":"paid","uni":"wtni-bshre","meno":"yousef"},"MCQ4SP8I":{"validate":1,"type":"paid","uni":"wtni-bshre","meno":"yousef"},"MCQKD27I":{"validate":1,"type":"paid","uni":"wtni-bshre","meno":"yousef"},"MCQ8X0UV":{"validate":1,"type":"paid","uni":"wtni-bshre","meno":"yousef"},"MCQ4ODZY":{"validate":1,"type":"paid","uni":"wtni-bshre","meno":"yousef"},"MCQUZA6K":{"validate":1,"type":"paid","uni":"wtni-bshre","meno":"yousef"},"MCQQ8CHZ":{"validate":1,"type":"paid","uni":"wtni-bshre","meno":"yousef"},"MCQX47TP":{"validate":1,"type":"paid","uni":"wtni-bshre","meno":"yousef"},"MCQ2WGXN":{"validate":1,"type":"paid","uni":"wtni-bshre","meno":"yousef"},"MCQN5WQ1":{"validate":1,"type":"paid","uni":"wtni-bshre","meno":"yousef"},"MCQY0ZQF":{"validate":1,"type":"paid","uni":"wtni-bshre","meno":"yousef"},"MCQRSZST":{"validate":1,"type":"paid","uni":"wtni-bshre","meno":"yousef"},"MCQ5RZTP":{"validate":1,"type":"paid","uni":"wtni-bshre","meno":"yousef"},"MCQ1T97S":{"validate":1,"type":"paid","uni":"wtni-bshre","meno":"yousef"},"MCQGTF80":{"validate":1,"type":"paid","uni":"wtni-bshre","meno":"yousef"},"MCQKN5N5":{"validate":1,"type":"paid","uni":"wtni-bshre","meno":"yousef"},"MCQDHBGB":{"validate":1,"type":"paid","uni":"wtni-bshre","meno":"yousef"},"MCQHPJPP":{"validate":1,"type":"paid","uni":"wtni-bshre","meno":"yousef"},"MCQPGHQO":{"validate":1,"type":"paid","uni":"wtni-bshre","meno":"yousef"},"MCQ7UFW7":{"validate":1,"type":"paid","uni":"wtni-bshre","meno":"yousef"},"MCQR4YE7":{"validate":1,"type":"paid","uni":"wtni-bshre","meno":"yousef"},"MCQCQOHQ":{"validate":1,"type":"paid","uni":"wtni-bshre","meno":"yousef"},"MCQAYMBF":{"validate":1,"type":"paid","uni":"wtni-bshre","meno":"yousef"},"MCQQLXXK":{"validate":1,"type":"paid","uni":"wtni-bshre","meno":"yousef"},"MCQ7GM3C":{"validate":1,"type":"paid","uni":"wtni-bshre","meno":"yousef"},"MCQQ742D":{"validate":1,"type":"paid","uni":"wtni-bshre","meno":"yousef"},"MCQM7FO7":{"validate":1,"type":"paid","uni":"wtni-bshre","meno":"yousef"},"MCQ2GK2Y":{"validate":1,"type":"paid","uni":"wtni-bshre","meno":"yousef"},"MCQW46IE":{"validate":1,"type":"paid","uni":"wtni-bshre","meno":"yousef"},"MCQMZGWA":{"validate":1,"type":"paid","uni":"wtni-bshre","meno":"yousef"},"MCQ8CK0V":{"validate":1,"type":"paid","uni":"wtni-bshre","meno":"yousef"},"MCQ7FM2G":{"validate":1,"type":"paid","uni":"wtni-bshre","meno":"yousef"},"MCQ6OBBR":{"validate":1,"type":"paid","uni":"wtni-bshre","meno":"yousef"},"MCQDQURS":{"validate":1,"type":"paid","uni":"wtni-bshre","meno":"yousef"},"MCQS6035":{"validate":1,"type":"paid","uni":"wtni-bshre","meno":"yousef"},"MCQ3PNI3":{"validate":1,"type":"paid","uni":"wtni-bshre","meno":"yousef"},"MCQ4M8VY":{"validate":1,"type":"paid","uni":"wtni-bshre","meno":"yousef"},"MCQDCL5V":{"validate":1,"type":"paid","uni":"wtni-bshre","meno":"yousef"},"MCQGR84R":{"validate":1,"type":"paid","uni":"wtni-bshre","meno":"yousef"},"MCQVQHX7":{"validate":1,"type":"paid","uni":"wtni-bshre","meno":"yousef"},"MCQ5FGS5":{"validate":1,"type":"paid","uni":"wtni-bshre","meno":"yousef"},"MCQIFDMF":{"validate":1,"type":"paid","uni":"wtni-bshre","meno":"yousef"},"MCQAADRB":{"validate":1,"type":"paid","uni":"wtni-bshre","meno":"yousef"},"MCQOO2DI":{"validate":1,"type":"paid","uni":"wtni-bshre","meno":"yousef"},"MCQFPQLA":{"validate":1,"type":"paid","uni":"wtni-bshre","meno":"yousef"},"MCQ2MFEX":{"validate":1,"type":"paid","uni":"wtni-bshre","meno":"yousef"},"MCQNLG89":{"validate":0,"type":"paid","uni":"wtni-bshre","meno":"yousef"},"PRE-HMY8C":{"validate":0,"type":"paid","uni":"wnti-bhsre1","meno":"ahmadnaser"},"PRE-H1P5M":{"validate":0,"type":"paid","uni":"wnti-bhsre1","meno":"ahmadnaser"},"PRE-H1YA7":{"validate":0,"type":"paid","uni":"wnti-bhsre1","meno":"ahmadnaser"},"PRE-HR2L2":{"validate":0,"type":"paid","uni":"wnti-bhsre1","meno":"ahmadnaser"},"PRE-HDUYT":{"validate":0,"type":"paid","uni":"wnti-bhsre1","meno":"ahmadnaser"},"PRE-HRF25":{"validate":0,"type":"paid","uni":"wnti-bhsre1","meno":"ahmadnaser"},"PRE-HM51D":{"validate":0,"type":"paid","uni":"wnti-bhsre1","meno":"ahmadnaser"},"PRE-HKTK7":{"validate":0,"type":"paid","uni":"wnti-bhsre1","meno":"ahmadnaser"},"PRE-HNHPK":{"validate":0,"type":"paid","uni":"wnti-bhsre1","meno":"ahmadnaser"},"PRE-H3XHT":{"validate":0,"type":"paid","uni":"wnti-bhsre1","meno":"ahmadnaser"},"PRE-HS58Z":{"validate":0,"type":"paid","uni":"wnti-bhsre1","meno":"ahmadnaser"},"PRE-HRWBG":{"validate":0,"type":"paid","uni":"wnti-bhsre1","meno":"ahmadnaser"},"PRE-HK81B":{"validate":0,"type":"paid","uni":"wnti-bhsre1","meno":"ahmadnaser"},"PRE-HRPVV":{"validate":0,"type":"paid","uni":"wnti-bhsre1","meno":"ahmadnaser"},"PRE-HNF0I":{"validate":0,"type":"paid","uni":"wnti-bhsre1","meno":"ahmadnaser"},"PRE-HXMRT":{"validate":0,"type":"paid","uni":"wnti-bhsre1","meno":"ahmadnaser"},"PRE-HM8K2":{"validate":0,"type":"paid","uni":"wnti-bhsre1","meno":"ahmadnaser"},"PRE-H6NSU":{"validate":0,"type":"paid","uni":"wnti-bhsre1","meno":"ahmadnaser"},"PRE-HV9UF":{"validate":0,"type":"paid","uni":"wnti-bhsre1","meno":"ahmadnaser"},"PRE-H7ZSO":{"validate":0,"type":"paid","uni":"wnti-bhsre1","meno":"ahmadnaser"},"PRE-HSB8L":{"validate":0,"type":"paid","uni":"wnti-bhsre1","meno":"ahmadnaser"},"PRE-HE6VL":{"validate":0,"type":"paid","uni":"wnti-bhsre1","meno":"ahmadnaser"},"PRE-HWFJQ":{"validate":0,"type":"paid","uni":"wnti-bhsre1","meno":"ahmadnaser"},"PRE-HHZIE":{"validate":0,"type":"paid","uni":"wnti-bhsre1","meno":"ahmadnaser"},"PRE-HO75N":{"validate":0,"type":"paid","uni":"wnti-bhsre1","meno":"ahmadnaser"},"PRE-HI3AA":{"validate":0,"type":"paid","uni":"wnti-bhsre1","meno":"ahmadnaser"},"PRE-H6N1J":{"validate":0,"type":"paid","uni":"wnti-bhsre1","meno":"ahmadnaser"},"PRE-HEREY":{"validate":0,"type":"paid","uni":"wnti-bhsre1","meno":"ahmadnaser"},"PRE-H8GCE":{"validate":0,"type":"paid","uni":"wnti-bhsre1","meno":"ahmadnaser"},"PRE-HT3AQ":{"validate":0,"type":"paid","uni":"wnti-bhsre1","meno":"ahmadnaser"},"PRE-HWEQP":{"validate":0,"type":"paid","uni":"wnti-bhsre1","meno":"ahmadnaser"},"PRE-HAL7M":{"validate":0,"type":"paid","uni":"wnti-bhsre1","meno":"ahmadnaser"},"PRE-HG466":{"validate":0,"type":"paid","uni":"wnti-bhsre1","meno":"ahmadnaser"},"PRE-H9ZOU":{"validate":0,"type":"paid","uni":"wnti-bhsre1","meno":"ahmadnaser"},"PRE-HOX15":{"validate":0,"type":"paid","uni":"wnti-bhsre1","meno":"ahmadnaser"},"PRE-HHG6T":{"validate":0,"type":"paid","uni":"wnti-bhsre1","meno":"ahmadnaser"},"PRE-HJWVB":{"validate":0,"type":"paid","uni":"wnti-bhsre1","meno":"ahmadnaser"},"PRE-H5D07":{"validate":0,"type":"paid","uni":"wnti-bhsre1","meno":"ahmadnaser"},"PRE-HYAO7":{"validate":0,"type":"paid","uni":"wnti-bhsre1","meno":"ahmadnaser"},"PRE-HMSMN":{"validate":0,"type":"paid","uni":"wnti-bhsre1","meno":"ahmadnaser"},"PRE-HF8GI":{"validate":0,"type":"paid","uni":"wnti-bhsre1","meno":"ahmadnaser"},"PRE-HW8A1":{"validate":0,"type":"paid","uni":"wnti-bhsre1","meno":"ahmadnaser"},"PRE-HSF49":{"validate":0,"type":"paid","uni":"wnti-bhsre1","meno":"ahmadnaser"},"PRE-H8XZW":{"validate":0,"type":"paid","uni":"wnti-bhsre1","meno":"ahmadnaser"},"PRE-HGVM0":{"validate":0,"type":"paid","uni":"wnti-bhsre1","meno":"ahmadnaser"},"PRE-HNQ2O":{"validate":0,"type":"paid","uni":"wnti-bhsre1","meno":"ahmadnaser"},"PRE-HAVL8":{"validate":0,"type":"paid","uni":"wnti-bhsre1","meno":"ahmadnaser"},"PRE-HNYS0":{"validate":1,"type":"paid","uni":"wnti-bhsre1","meno":"ahmadnaser"},"PRE-HOBSY":{"validate":1,"type":"paid","uni":"wnti-bhsre1","meno":"ahmadnaser"},"PRE-HWYPX":{"validate":0,"type":"paid","uni":"wnti-bhsre1","meno":"ahmadnaser"},"PRE-HZINV":{"validate":1,"type":"paid","uni":"wnti-bhsre1","meno":"ahmadnaser"},"PRE-HKGRJ":{"validate":1,"type":"paid","uni":"wnti-bhsre1","meno":"ahmadnaser"},"PRE-HW41Q":{"validate":1,"type":"paid","uni":"wnti-bhsre1","meno":"ahmadnaser"},"PRE-H68DN":{"validate":1,"type":"paid","uni":"wnti-bhsre1","meno":"ahmadnaser"},"PRE-HL8AF":{"validate":1,"type":"paid","uni":"wnti-bhsre1","meno":"ahmadnaser"},"PRE-H5NE7":{"validate":1,"type":"paid","uni":"wnti-bhsre1","meno":"ahmadnaser"},"PRE-H0DAB":{"validate":1,"type":"paid","uni":"wnti-bhsre1","meno":"ahmadnaser"},"PRE-HC9QX":{"validate":1,"type":"paid","uni":"wnti-bhsre1","meno":"ahmadnaser"},"PRE-HCB0F":{"validate":1,"type":"paid","uni":"wnti-bhsre1","meno":"ahmadnaser"},"PRE-HV4ND":{"validate":0,"type":"paid","uni":"wnti-bhsre1","meno":"ahmadnaser"},"PRE-HHEW8":{"validate":0,"type":"paid","uni":"wnti-bhsre1","meno":"ahmadnaser"},"PRE-HA9M9":{"validate":0,"type":"paid","uni":"wnti-bhsre1","meno":"ahmadnaser"},"PRE-HQ5YJ":{"validate":0,"type":"paid","uni":"wnti-bhsre1","meno":"ahmadnaser"},"PRE-HUB8V":{"validate":1,"type":"paid","uni":"wnti-bhsre1","meno":"ahmadnaser"},"PRE-HGN3J":{"validate":0,"type":"paid","uni":"wnti-bhsre1","meno":"ahmadnaser"},"PRE-HRJVU":{"validate":1,"type":"paid","uni":"wnti-bhsre1","meno":"ahmadnaser"},"PRE-HUPAE":{"validate":1,"type":"paid","uni":"wnti-bhsre1","meno":"ahmadnaser"},"PRE-HLR87":{"validate":1,"type":"paid","uni":"wnti-bhsre1","meno":"ahmadnaser"},"PRE-H9ZVZ":{"validate":1,"type":"paid","uni":"wnti-bhsre1","meno":"ahmadnaser"},"PRE-HZJLE":{"validate":1,"type":"paid","uni":"wnti-bhsre1","meno":"ahmadnaser"},"PRE-H8LV3":{"validate":1,"type":"paid","uni":"wnti-bhsre1","meno":"ahmadnaser"},"PRE-HR3GG":{"validate":1,"type":"paid","uni":"wnti-bhsre1","meno":"ahmadnaser"},"PRE-HYN4F":{"validate":1,"type":"paid","uni":"wnti-bhsre1","meno":"ahmadnaser"},"PRE-H5RR6":{"validate":1,"type":"paid","uni":"wnti-bhsre1","meno":"ahmadnaser"},"PRE-HDK9T":{"validate":1,"type":"paid","uni":"wnti-bhsre1","meno":"ahmadnaser"},"PRE-HY0WG":{"validate":1,"type":"paid","uni":"wnti-bhsre1","meno":"ahmadnaser"},"PRE-HXDZA":{"validate":1,"type":"paid","uni":"wnti-bhsre1","meno":"ahmadnaser"},"PRE-HZSD9":{"validate":1,"type":"paid","uni":"wnti-bhsre1","meno":"ahmadnaser"},"PRE-HFNHZ":{"validate":1,"type":"paid","uni":"wnti-bhsre1","meno":"ahmadnaser"},"PRE-HIGPX":{"validate":1,"type":"paid","uni":"wnti-bhsre1","meno":"ahmadnaser"},"PRE-HRDXF":{"validate":1,"type":"paid","uni":"wnti-bhsre1","meno":"ahmadnaser"},"PRE-HEB8H":{"validate":1,"type":"paid","uni":"wnti-bhsre1","meno":"ahmadnaser"},"PRE-H2YUR":{"validate":1,"type":"paid","uni":"wnti-bhsre1","meno":"ahmadnaser"},"PRE-HBC6J":{"validate":1,"type":"paid","uni":"wnti-bhsre1","meno":"ahmadnaser"},"PRE-HF73J":{"validate":1,"type":"paid","uni":"wnti-bhsre1","meno":"ahmadnaser"},"PRE-HKUNU":{"validate":1,"type":"paid","uni":"wnti-bhsre1","meno":"ahmadnaser"},"PRE-H6BTG":{"validate":1,"type":"paid","uni":"wnti-bhsre1","meno":"ahmadnaser"},"PRE-HNS7B":{"validate":1,"type":"paid","uni":"wnti-bhsre1","meno":"ahmadnaser"},"PRE-HUP4Q":{"validate":1,"type":"paid","uni":"wnti-bhsre1","meno":"ahmadnaser"},"PRE-HPXTJ":{"validate":1,"type":"paid","uni":"wnti-bhsre1","meno":"ahmadnaser"},"PRE-H9322":{"validate":1,"type":"paid","uni":"wnti-bhsre1","meno":"ahmadnaser"},"PRE-H96ZY":{"validate":1,"type":"paid","uni":"wnti-bhsre1","meno":"ahmadnaser"},"PRE-HWYSS":{"validate":1,"type":"paid","uni":"wnti-bhsre1","meno":"ahmadnaser"},"PRE-HLRLI":{"validate":1,"type":"paid","uni":"wnti-bhsre1","meno":"ahmadnaser"},"PRE-HSN5D":{"validate":1,"type":"paid","uni":"wnti-bhsre1","meno":"ahmadnaser"},"PRE-HHNQW":{"validate":1,"type":"paid","uni":"wnti-bhsre1","meno":"ahmadnaser"},"PRE-H2HNV":{"validate":1,"type":"paid","uni":"wnti-bhsre1","meno":"ahmadnaser"},"PRE-HBW60":{"validate":1,"type":"paid","uni":"wnti-bhsre1","meno":"ahmadnaser"},"PRE-HW7HJ":{"validate":1,"type":"paid","uni":"wnti-bhsre1","meno":"ahmadnaser"},"PRE-HGD06":{"validate":1,"type":"paid","uni":"wnti-bhsre1","meno":"ahmadnaser"},"PRE-H84D4":{"validate":0,"type":"paid","uni":"wnti-bhsre1","meno":"ahmadnaser"},"PRE-HQEQ2":{"validate":1,"type":"paid","uni":"wnti-bhsre1","meno":"ahmadnaser"},"PRE-HSZWF":{"validate":1,"type":"paid","uni":"wnti-bhsre1","meno":"ahmadnaser"},"PRE-H3O7Q":{"validate":0,"ty pe":"paid","uni":"wnti-bhsre1","meno":"ahmadnaser"},"PRE-HE8BN":{"validate":1,"type":"paid","uni":"wnti-bhsre1","meno":"ahmadnaser"},"PRE-HX27V":{"validate":1,"type":"paid","uni":"wnti-bhsre1","meno":"ahmadnaser"},"PRE-HCWF6":{"validate":1,"type":"paid","uni":"wnti-bhsre1","meno":"ahmadnaser"},"PRE-HH58U":{"validate":1,"type":"paid","uni":"wnti-bhsre1","meno":"ahmadnaser"},"PRE-HFZYA":{"validate":0,"type":"paid","uni":"wnti-bhsre1","meno":"ahmadnaser"},"PRE-HQR2I":{"validate":1,"type":"paid","uni":"wnti-bhsre1","meno":"ahmadnaser"},"PRE-HL7F4":{"validate":0,"type":"paid","uni":"wnti-bhsre1","meno":"ahmadnaser"},"PRE-HU7BC":{"validate":0,"type":"paid","uni":"wnti-bhsre1","meno":"ahmadnaser"},"PRE-H7CB6":{"validate":0,"type":"paid","uni":"wnti-bhsre1","meno":"ahmadnaser"},"PRE-H97GD":{"validate":0,"type":"paid","uni":"wnti-bhsre1","meno":"ahmadnaser"},"PRE-HLYAG":{"validate":0,"type":"paid","uni":"wnti-bhsre1","meno":"ahmadnaser"},"PRE-HLJWI":{"validate":1,"type":"paid","uni":"wnti-bhsre1","meno":"ahmadnaser"},"PRE-HEAIM":{"validate":1,"type":"paid","uni":"wnti-bhsre1","meno":"ahmadnaser"},"PRE-HW72Z":{"validate":0,"type":"paid","uni":"wnti-bhsre1","meno":"ahmadnaser"},"PRE-HDI15":{"validate":0,"type":"paid","uni":"wnti-bhsre1","meno":"ahmadnaser"},"PRE-HF3ZC":{"validate":0,"type":"paid","uni":"wnti-bhsre1","meno":"ahmadnaser"},"PRE-H9879":{"validate":0,"type":"paid","uni":"wnti-bhsre1","meno":"ahmadnaser"},"PRE-H6EDW":{"validate":0,"type":"paid","uni":"wnti-bhsre1","meno":"ahmadnaser"},"PRE-HCHDK":{"validate":0,"type":"paid","uni":"wnti-bhsre1","meno":"ahmadnaser"},"PRE-HAGOW":{"validate":0,"type":"paid","uni":"wnti-bhsre1","meno":"ahmadnaser"},"PRE-H69AX":{"validate":0,"type":"paid","uni":"wnti-bhsre1","meno":"ahmadnaser"},"PRE-H7O72":{"validate":0,"type":"paid","uni":"wnti-bhsre1","meno":"ahmadnaser"},"PRE-HUIOT":{"validate":0,"type":"paid","uni":"wnti-bhsre1","meno":"ahmadnaser"},"PRE-HVIE3":{"validate":0,"type":"paid","uni":"wnti-bhsre1","meno":"ahmadnaser"},"PRE-HSVNZ":{"validate":0,"type":"paid","uni":"wnti-bhsre1","meno":"ahmadnaser"},"PRE-HC1YY":{"validate":0,"type":"paid","uni":"wnti-bhsre1","meno":"ahmadnaser"},"PRE-H2X6G":{"validate":0,"type":"paid","uni":"wnti-bhsre1","meno":"ahmadnaser"},"PRE-HGDO2":{"validate":0,"type":"paid","uni":"wnti-bhsre1","meno":"ahmadnaser"},"PRE-HPOVM":{"validate":0,"type":"paid","uni":"wnti-bhsre1","meno":"ahmadnaser"},"PRE-H4SDZ":{"validate":0,"type":"paid","uni":"wnti-bhsre1","meno":"ahmadnaser"},"PRE-HMVAT":{"validate":0,"type":"paid","uni":"wnti-bhsre1","meno":"ahmadnaser"},"PRE-HP76W":{"validate":1,"type":"paid","uni":"wnti-bhsre1","meno":"ahmadnaser"},"PRE-HL9RM":{"validate":0,"type":"paid","uni":"wnti-bhsre1","meno":"ahmadnaser"},"PRE-HEN6R":{"validate":1,"type":"paid","uni":"wnti-bhsre1","meno":"ahmadnaser"},"PRE-H9OWS":{"validate":0,"type":"paid","uni":"wnti-bhsre1","meno":"ahmadnaser"},"PRE-HVZO5":{"validate":1,"type":"paid","uni":"wnti-bhsre1","meno":"ahmadnaser"},"PRE-HHMTX":{"validate":0,"type":"paid","uni":"wnti-bhsre1","meno":"ahmadnaser"},"PRE-HNU5Q":{"validate":0,"type":"paid","uni":"wnti-bhsre1","meno":"ahmadnaser"},"PRE-HB9WS":{"validate":0,"type":"paid","uni":"wnti-bhsre1","meno":"ahmadnaser"},"PRE-HUEJT":{"validate":0,"type":"paid","uni":"wnti-bhsre1","meno":"ahmadnaser"},"PRE-HQJH0":{"validate":0,"type":"paid","uni":"wnti-bhsre1","meno":"ahmadnaser"},"PRE-HX1IH":{"validate":1,"type":"paid","uni":"wnti-bhsre1","meno":"ahmadnaser"},"PRE-H6Z93":{"validate":0,"type":"paid","uni":"wnti-bhsre1","meno":"ahmadnaser"},"PRE-HY7A1":{"validate":1,"type":"paid","uni":"wnti-bhsre1","meno":"ahmadnaser"},"PRE-HURX4":{"validate":0,"type":"paid","uni":"wnti-bhsre1","meno":"ahmadnaser"},"PRE-HOFQ6":{"validate":1,"type":"paid","uni":"wnti-bhsre1","meno":"ahmadnaser"},"PRE-HAZ8V":{"validate":1,"type":"paid","uni":"wnti-bhsre1","meno":"ahmadnaser"},"PRE-HJZ1B":{"validate":1,"type":"paid","uni":"wnti-bhsre1","meno":"ahmadnaser"},"PRE-HHKZA":{"validate":1,"type":"paid","uni":"wnti-bhsre1","meno":"ahmadnaser"},"PRE-HY35G":{"validate":1,"type":"paid","uni":"wnti-bhsre1","meno":"ahmadnaser"},"PRE-HMBYB":{"validate":1,"type":"paid","uni":"wnti-bhsre1","meno":"ahmadnaser"},"PRE-H1VXC":{"validate":1,"type":"paid","uni":"wnti-bhsre1","meno":"ahmadnaser"},"PRE-HPFMP":{"validate":1,"type":"paid","uni":"wnti-bhsre1","meno":"ahmadnaser"},"PRE-HX9YX":{"validate":1,"type":"paid","uni":"wnti-bhsre1","meno":"ahmadnaser"},"PRE-HNYEJ":{"validate":1,"type":"paid","uni":"wnti-bhsre1","meno":"ahmadnaser"},"PRE-HMDUX":{"validate":1,"type":"paid","uni":"wnti-bhsre1","meno":"ahmadnaser"},"PRE-HPD7S":{"validate":1,"type":"paid","uni":"wnti-bhsre1","meno":"ahmadnaser"},"PRE-HITLO":{"validate":1,"type":"paid","uni":"wnti-bhsre1","meno":"ahmadnaser"},"PRE-HHXNE":{"validate":1,"type":"paid","uni":"wnti-bhsre1","meno":"ahmadnaser"},"PRE-HN174":{"validate":1,"type":"paid","uni":"wnti-bhsre1","meno":"ahmadnaser"},"PRE-HO2ZW":{"validate":1,"type":"paid","uni":"wnti-bhsre1","meno":"ahmadnaser"},"PRE-HTMEE":{"validate":0,"type":"paid","uni":"wnti-bhsre1","meno":"ahmadnaser"},"PRE-HRK6N":{"validate":1,"type":"paid","uni":"wnti-bhsre1","meno":"ahmadnaser"},"PRE-H6EY4":{"validate":1,"type":"paid","uni":"wnti-bhsre1","meno":"ahmadnaser"},"PRE-HQXI2":{"validate":1,"type":"paid","uni":"wnti-bhsre1","meno":"ahmadnaser"},"PRE-H9LUR":{"validate":1,"type":"paid","uni":"wnti-bhsre1","meno":"ahmadnaser"},"PRE-HXJLN":{"validate":0,"type":"paid","uni":"wnti-bhsre1","meno":"ahmadnaser"},"PRE-HGLXM":{"validate":1,"type":"paid","uni":"wnti-bhsre1","meno":"ahmadnaser"},"PRE-HX1XJ":{"validate":1,"type":"paid","uni":"wnti-bhsre1","meno":"ahmadnaser"},"PRE-HV9F2":{"validate":1,"type":"paid","uni":"wnti-bhsre1","meno":"ahmadnaser"},"PRE-H44UY":{"validate":0,"type":"paid","uni":"wnti-bhsre1","meno":"ahmadnaser"},"PRE-HWELO":{"validate":1,"type":"paid","uni":"wnti-bhsre1","meno":"ahmadnaser"},"PRE-HUUJJ":{"validate":1,"type":"paid","uni":"wnti-bhsre1","meno":"ahmadnaser"},"PRE-HFXGL":{"validate":1,"type":"paid","uni":"wnti-bhsre1","meno":"ahmadnaser"},"PRE-HDR7U":{"validate":1,"type":"paid","uni":"wnti-bhsre1","meno":"ahmadnaser"},"PRE-H5219":{"validate":0,"type":"paid","uni":"wnti-bhsre1","meno":"ahmadnaser"},"PRE-HQCPP":{"validate":1,"type":"paid","uni":"wnti-bhsre1","meno":"ahmadnaser"},"PRE-HJT2T":{"validate":1,"type":"paid","uni":"wnti-bhsre1","meno":"ahmadnaser"},"PRE-HNRJQ":{"validate":1,"type":"paid","uni":"wnti-bhsre1","meno":"ahmadnaser"},"PRE-HBAJQ":{"validate":1,"type":"paid","uni":"wnti-bhsre1","meno":"ahmadnaser"},"PRE-H8YW4":{"validate":1,"type":"paid","uni":"wnti-bhsre1","meno":"ahmadnaser"},"PRE-H5XRX":{"validate":1,"type":"paid","uni":"wnti-bhsre1","meno":"ahmadnaser"},"PRE-H43IF":{"validate":1,"type":"paid","uni":"wnti-bhsre1","meno":"ahmadnaser"},"PRE-HYZM5":{"validate":1,"type":"paid","uni":"wnti-bhsre1","meno":"ahmadnaser"},"PRE-HT9JV":{"validate":0,"type":"paid","uni":"wnti-bhsre1","meno":"ahmadnaser"},"PRE-HJCQS":{"validate":1,"type":"paid","uni":"wnti-bhsre1","meno":"ahmadnaser"},"PRE-HKNHU":{"validate":1,"type":"paid","uni":"wnti-bhsre1","meno":"ahmadnaser"},"PRE-HDY5V":{"validate":1,"type":"paid","uni":"wnti-bhsre1","meno":"ahmadnaser"},"PRE-HYOFP":{"validate":0,"type":"paid","uni":"wnti-bhsre1","meno":"ahmadnaser"},"PRE-HFEMN":{"validate":1,"type":"paid","uni":"wnti-bhsre1","meno":"ahmadnaser"},"PRE-H22SV":{"validate":1,"type":"paid","uni":"wnti-bhsre1","meno":"ahmadnaser"},"PRE-HU7ZJ":{"validate":1,"type":"paid","uni":"wnti-bhsre1","meno":"ahmadnaser"},"PRE-HJ144":{"validate":1,"type":"paid","uni":"wnti-bhsre1","meno":"ahmadnaser"},"PRE-H6RCM":{"validate":1,"type":"paid","uni":"wnti-bhsre1","meno":"ahmadnaser"},"PRE-H15HS":{"validate":1,"type":"paid","uni":"wnti-bhsre1","meno":"ahmadnaser"},"PRE-HDCEM":{"validate":1,"type":"paid","uni":"wnti-bhsre1","meno":"ahmadnaser"},"PRE-HLMZU":{"validate":0,"type":"paid","uni":"wnti-bhsre1","meno":"ahmadnaser"},"PRE-HGC5S":{"validate":0,"type":"paid","uni":"wnti-bhsre1","meno":"ahmadnaser"},"PRE-HYJ0M":{"validate":0,"type":"paid","uni":"wnti-bhsre1","meno":"ahmadnaser"},"PRE-HUE31":{"validate":0,"type":"paid","uni":"wnti-bhsre1","meno":"ahmadnaser"},"PRE-H0YER":{"validate":1,"type":"paid","uni":"wnti-bhsre1","meno":"ahmadnaser"},"PRE-H2DH3":{"validate":0,"type":"paid","uni":"wnti-bhsre1","meno":"ahmadnaser"},"PRE-HYM5D":{"validate":0,"type":"paid","uni":"wnti-bhsre1","meno":"ahmadnaser"},"PRE-HV0PO":{"validate":0,"type":"paid","uni":"wnti-bhsre1","meno":"ahmadnaser"},"PRE-HCNBS":{"validate":0,"type":"paid","uni":"wnti-bhsre1","meno":"ahmadnaser"},"PRE-HQ1RI":{"validate":0,"type":"paid","uni":"wnti-bhsre1","meno":"ahmadnaser"},"PRE-H5OR6":{"validate":0,"type":"paid","uni":"wnti-bhsre1","meno":"ahmadnaser"},"PRE-HVKKO":{"validate":0,"type":"paid","uni":"wnti-bhsre1","meno":"ahmadnaser"},"PRE-HR7TN":{"validate":0,"type":"paid","uni":"wnti-bhsre1","meno":"ahmadnaser"},"PRE-HSJDL":{"validate":1,"type":"paid","uni":"wnti-bhsre1","meno":"ahmadnaser"},"PRE-HRZED":{"validate":0,"type":"paid","uni":"wnti-bhsre1","meno":"ahmadnaser"},"PRE-HF1CU":{"validate":0,"type":"paid","uni":"wnti-bhsre1","meno":"ahmadnaser"},"PRE-H3PPN":{"validate":1,"type":"paid","uni":"wnti-bhsre1","meno":"ahmadnaser"},"PRE-HKE9S":{"validate":0,"type":"paid","uni":"wnti-bhsre1","meno":"ahmadnaser"},"PRE-H9MGH":{"validate":0,"type":"paid","uni":"wnti-bhsre1","meno":"ahmadnaser"},"PRE-H16JR":{"validate":1,"type":"paid","uni":"wnti-bhsre1","meno":"ahmadnaser"},"PRE-H7W8I":{"validate":0,"type":"paid","uni":"wnti-bhsre1","meno":"ahmadnaser"},"PRE-HVBYY":{"validate":0,"type":"paid","uni":"wnti-bhsre1","meno":"ahmadnaser"},"PRE-HFJZU":{"validate":0,"type":"paid","uni":"wnti-bhsre1","meno":"ahmadnaser"},"PRE-HX3ZR":{"validate":1,"type":"paid","uni":"wnti-bhsre1","meno":"ahmadnaser"},"PRE-HPJH2":{"validate":1,"type":"paid","uni":"wnti-bhsre1","meno":"ahmadnaser"},"PRE-H6TP5":{"validate":1,"type":"paid","uni":"wnti-bhsre1","meno":"ahmadnaser"},"PRE-H9OHX":{"validate":0,"type":"paid","uni":"wnti-bhsre1","meno":"ahmadnaser"},"PRE-HK6ML":{"validate":0,"type":"paid","uni":"wnti-bhsre1","meno":"ahmadnaser"},"PRE-HEUI6":{"validate":0,"type":"paid","uni":"wnti-bhsre1","meno":"ahmadnaser"},"PRE-HVEHM":{"validate":0,"type":"paid","uni":"wnti-bhsre1","meno":"ahmadnaser"},"PRE-H9JTJ":{"validate":0,"type":"paid","uni":"wnti-bhsre1","meno":"ahmadnaser"},"PRE-H1TAV":{"validate":0,"type":"paid","uni":"wnti-bhsre1","meno":"ahmadnaser"},"PRE-HTB29":{"validate":0,"type":"paid","uni":"wnti-bhsre1","meno":"ahmadnaser"},"PRE-H2NUR":{"validate":0,"type":"paid","uni":"wnti-bhsre1","meno":"ahmadnaser"},"PRE-HQ9QU":{"validate":0,"type":"paid","uni":"wnti-bhsre1","meno":"ahmadnaser"},"PRE-HT10T":{"validate":0,"type":"paid","uni":"wnti-bhsre1","meno":"ahmadnaser"},"PRE-HBNZI":{"validate":0,"type":"paid","uni":"wnti-bhsre1","meno":"ahmadnaser"},"PRE-H5343":{"validate":0,"type":"paid","uni":"wnti-bhsre1","meno":"ahmadnaser"},"PRE-HPZMP":{"validate":0,"type":"paid","uni":"wnti-bhsre1","meno":"ahmadnaser"},"PRE-H4Q22":{"validate":0,"type":"paid","uni":"wnti-bhsre1","meno":"ahmadnaser"},"PRE-H6F3S":{"validate":0,"type":"paid","uni":"wnti-bhsre1","meno":"ahmadnaser"},"PRE-HUNY2":{"validate":0,"type":"paid","uni":"wnti-bhsre1","meno":"ahmadnaser"},"PRE-H70ZG":{"validate":0,"type":"paid","uni":"wnti-bhsre1","meno":"ahmadnaser"},"PRE-H9YYU":{"validate":0,"type":"paid","uni":"wnti-bhsre1","meno":"ahmadnaser"},"PRE-HNQA7":{"validate":0,"type":"paid","uni":"wnti-bhsre1","meno":"ahmadnaser"},"PRE-HW2RY":{"validate":0,"type":"paid","uni":"wnti-bhsre1","meno":"ahmadnaser"},"PRE-HPN8F":{"validate":0,"type":"paid","uni":"wnti-bhsre1","meno":"ahmadnaser"},"PRE-HDVCK":{"validate":0,"type":"paid","uni":"wnti-bhsre1","meno":"ahmadnaser"},"PRE-H5MCI":{"validate":0,"type":"paid","uni":"wnti-bhsre1","meno":"ahmadnaser"},"PRE-HL6VW":{"validate":0,"type":"paid","uni":"wnti-bhsre1","meno":"ahmadnaser"},"PRE-HA5OB":{"validate":1,"type":"paid","uni":"wnti-bhsre1","meno":"ahmadnaser"},"PRE-HRPGP":{"validate":1,"type":"paid","uni":"wnti-bhsre1","meno":"ahmadnaser"},"PRE-HAZNH":{"validate":1,"type":"paid","uni":"wnti-bhsre1","meno":"ahmadnaser"},"PRE-HJXYU":{"validate":1,"type":"paid","uni":"wnti-bhsre1","meno":"ahmadnaser"},"PRE-H5RSY":{"validate":1,"type":"paid","uni":"wnti-bhsre1","meno":"ahmadnaser"},"PRE-HRKDZ":{"validate":1,"type":"paid","uni":"wnti-bhsre1","meno":"ahmadnaser"},"PRE-HKBXD":{"validate":1,"type":"paid","uni":"wnti-bhsre1","meno":"ahmadnaser"},"PRE-HQ7D4":{"validate":1,"type":"paid","uni":"wnti-bhsre1","meno":"ahmadnaser"},"PRE-HAVEW":{"validate":1,"type":"paid","uni":"wnti-bhsre1","meno":"ahmadnaser"},"PRE-H1AWY":{"validate":1,"type":"paid","uni":"wnti-bhsre1","meno":"ahmadnaser"},"PRE-HTSD5":{"validate":1,"type":"paid","uni":"wnti-bhsre1","meno":"ahmadnaser"},"PRE-HFV6N":{"validate":1,"type":"paid","uni":"wnti-bhsre1","meno":"ahmadnaser"},"PRE-H26G8":{"validate":1,"type":"paid","uni":"wnti-bhsre1","meno":"ahmadnaser"},"PRE-HYPRZ":{"validate":1,"type":"paid","uni":"wnti-bhsre1","meno":"ahmadnaser"},"PRE-H2BAN":{"validate":1,"type":"paid","uni":"wnti-bhsre1","meno":"ahmadnaser"},"PRE-HKWTU":{"validate":1,"type":"paid","uni":"wnti-bhsre1","meno":"ahmadnaser"},"PRE-HI72W":{"validate":1,"type":"paid","uni":"wnti-bhsre1","meno":"ahmadnaser"},"PRE-HVJI8":{"validate":1,"type":"paid","uni":"wnti-bhsre1","meno":"ahmadnaser"},"PRE-HQOUA":{"validate":1,"type":"paid","uni":"wnti-bhsre1","meno":"ahmadnaser"},"PRE-HC55S":{"validate":1,"type":"paid","uni":"wnti-bhsre1","meno":"ahmadnaser"},"PRE-H9YYT":{"validate":1,"type":"paid","uni":"wnti-bhsre1","meno":"ahmadnaser"},"PRE-HUCZX":{"validate":1,"type":"paid","uni":"wnti-bhsre1","meno":"ahmadnaser"},"PRE-HCIPA":{"validate":1,"type":"paid","uni":"wnti-bhsre1","meno":"ahmadnaser"},"PRE-HRTYK":{"validate":1,"type":"paid","uni":"wnti-bhsre1","meno":"ahmadnaser"},"PRE-HZV55":{"validate":1,"type":"paid","uni":"wnti-bhsre1","meno":"ahmadnaser"},"PRE-HBKWI":{"validate":1,"type":"paid","uni":"wnti-bhsre1","meno":"ahmadnaser"},"PRE-H5APC":{"validate":1,"type":"paid","uni":"wnti-bhsre1","meno":"ahmadnaser"},"PRE-HQBME":{"validate":1,"type":"paid","uni":"wnti-bhsre1","meno":"ahmadnaser"},"PRE-H5KA6":{"validate":1,"type":"paid","uni":"wnti-bhsre1","meno":"ahmadnaser"},"PRE-H3WUR":{"validate":1,"type":"paid","uni":"wnti-bhsre1","meno":"ahmadnaser"},"PRE-H7BU4":{"validate":1,"type":"paid","uni":"wnti-bhsre1","meno":"ahmadnaser"},"PRE-H0XOM":{"validate":1,"type":"paid","uni":"wnti-bhsre1","meno":"ahmadnaser"},"PRE-H00QL":{"validate":1,"type":"paid","uni":"wnti-bhsre1","meno":"ahmadnaser"},"PRE-H01WZ":{"validate":1,"type":"paid","uni":"wnti-bhsre1","meno":"ahmadnaser"},"PRE-HDVKK":{"validate":1,"type":"paid","uni":"wnti-bhsre1","meno":"ahmadnaser"},"PRE-HOWA1":{"validate":1,"type":"paid","uni":"wnti-bhsre1","meno":"ahmadnaser"},"PRE-H2AHA":{"validate":1,"type":"paid","uni":"wnti-bhsre1","meno":"ahmadnaser"},"PRE-HD3HN":{"validate":1,"type":"paid","uni":"wnti-bhsre1","meno":"ahmadnaser"},"PRE-HKZNR":{"validate":1,"type":"paid","uni":"wnti-bhsre1","meno":"ahmadnaser"},"PRE-HI1K0":{"validate":1,"type":"paid","uni":"wnti-bhsre1","meno":"ahmadnaser"},"PRE-H3EK2":{"validate":1,"type":"paid","uni":"wnti-bhsre1","meno":"ahmadnaser"},"PRE-H8G63":{"validate":1,"type":"paid","uni":"wnti-bhsre1","meno":"ahmadnaser"},"PRE-H4206":{"validate":1,"type":"paid","uni":"wnti-bhsre1","meno":"ahmadnaser"},"PRE-H6GIB":{"validate":1,"type":"paid","uni":"wnti-bhsre1","meno":"ahmadnaser"},"PRE-HD4S4":{"validate":1,"type":"paid","uni":"wnti-bhsre1","meno":"ahmadnaser"},"PRE-H0VJX":{"validate":1,"type":"paid","uni":"wnti-bhsre1","meno":"ahmadnaser"},"PRE-HVPFM":{"validate":1,"type":"paid","uni":"wnti-bhsre1","meno":"ahmadnaser"},"PRE-HMTK6":{"validate":1,"type":"paid","uni":"wnti-bhsre1","meno":"ahmadnaser"},"PRE-HUAKY":{"validate":1,"type":"paid","uni":"wnti-bhsre1","meno":"ahmadnaser"},"PRE-HI4KG":{"validate":1,"type":"paid","uni":"wnti-bhsre1","meno":"ahmadnaser"},"PRE-HX3VR":{"validate":1,"type":"paid","uni":"wnti-bhsre1","meno":"ahmadnaser"},"PRE-HOE2O":{"validate":1,"type":"paid","uni":"wnti-bhsre1","meno":"ahmadnaser"},"PRE-H3YBN":{"validate":1,"type":"paid","uni":"wnti-bhsre1","meno":"ahmadnaser"},"PRE-HNDRN":{"validate":1,"type":"paid","uni":"wnti-bhsre1","meno":"ahmadnaser"},"PRE-H21KM":{"validate":1,"type":"paid","uni":"wnti-bhsre1","meno":"ahmadnaser"},"PRE-HVOKF":{"validate":1,"type":"paid","uni":"wnti-bhsre1","meno":"ahmadnaser"},"PRE-HUN6X":{"validate":1,"type":"paid","uni":"wnti-bhsre1","meno":"ahmadnaser"},"PRE-HQ562":{"validate":1,"type":"paid","uni":"wnti-bhsre1","meno":"ahmadnaser"},"PRE-HT521":{"validate":1,"type":"paid","uni":"wnti-bhsre1","meno":"ahmadnaser"},"PRE-HFXWP":{"validate":1,"type":"paid","uni":"wnti-bhsre1","meno":"ahmadnaser"},"PRE-HWDCO":{"validate":1,"type":"paid","uni":"wnti-bhsre1","meno":"ahmadnaser"},"PRE-H2H42":{"validate":1,"type":"paid","uni":"wnti-bhsre1","meno":"ahmadnaser"},"PRE-HHC4T":{"validate":1,"type":"paid","uni":"wnti-bhsre1","meno":"ahmadnaser"},"PRE-HMZTY":{"validate":1,"type":"paid","uni":"wnti-bhsre1","meno":"ahmadnaser"},"PRE-HWAGM":{"validate":1,"type":"paid","uni":"wnti-bhsre1","meno":"ahmadnaser"},"PRE-HIAH1":{"validate":1,"type":"paid","uni":"wnti-bhsre1","meno":"ahmadnaser"},"PRE-HGTU5":{"validate":1,"type":"paid","uni":"wnti-bhsre1","meno":"ahmadnaser"},"PRE-H8M1B":{"validate":1,"type":"paid","uni":"wnti-bhsre1","meno":"ahmadnaser"},"PRE-HMPZY":{"validate":1,"type":"paid","uni":"wnti-bhsre1","meno":"ahmadnaser"},"PRE-H1NWW":{"validate":1,"type":"paid","uni":"wnti-bhsre1","meno":"ahmadnaser"},"PRE-H60H9":{"validate":1,"type":"paid","uni":"wnti-bhsre1","meno":"ahmadnaser"},"PRE-HOURF":{"validate":1,"type":"paid","uni":"wnti-bhsre1","meno":"ahmadnaser"},"PRE-H19PI":{"validate":1,"type":"paid","uni":"wnti-bhsre1","meno":"ahmadnaser"},"PRE-HTLZT":{"validate":1,"type":"paid","uni":"wnti-bhsre1","meno":"ahmadnaser"},"PRE-HQD6O":{"validate":1,"type":"paid","uni":"wnti-bhsre1","meno":"ahmadnaser"},"PRE-HKAQV":{"validate":1,"type":"paid","uni":"wnti-bhsre1","meno":"ahmadnaser"},"PRE-HF2PL":{"validate":1,"type":"paid","uni":"wnti-bhsre1","meno":"ahmadnaser"},"PRE-HGH1C":{"validate":1,"type":"paid","uni":"wnti-bhsre1","meno":"ahmadnaser"},"PRE-H5MTA":{"validate":1,"type":"paid","uni":"wnti-bhsre1","meno":"ahmadnaser"},"PRE-H8Q5Z":{"validate":1,"type":"paid","uni":"wnti-bhsre1","meno":"ahmadnaser"},"PRE-HV7IV":{"validate":1,"type":"paid","uni":"wnti-bhsre1","meno":"ahmadnaser"},"PRE-HOXLS":{"validate":1,"type":"paid","uni":"wnti-bhsre1","meno":"ahmadnaser"},"PRE-HOWU0":{"validate":1,"type":"paid","uni":"wnti-bhsre1","meno":"ahmadnaser"},"PRE-HZN5I":{"validate":1,"type":"paid","uni":"wnti-bhsre1","meno":"ahmadnaser"},"PRE-HJ33G":{"validate":1,"type":"paid","uni":"wnti-bhsre1","meno":"ahmadnaser"},"PRE-HHR5F":{"validate":1,"type":"paid","uni":"wnti-bhsre1","meno":"ahmadnaser"},"PRE-HKXUB":{"validate":1,"type":"paid","uni":"wnti-bhsre1","meno":"ahmadnaser"},"PRE-HNJOR":{"validate":1,"type":"paid","uni":"wnti-bhsre1","meno":"ahmadnaser"},"PRE-H03YH":{"validate":1,"type":"paid","uni":"wnti-bhsre1","meno":"ahmadnaser"},"PRE-HAZGO":{"validate":1,"type":"paid","uni":"wnti-bhsre1","meno":"ahmadnaser"},"PRE-HTDCY":{"validate":1,"type":"paid","uni":"wnti-bhsre1","meno":"ahmadnaser"},"PRE-H6JMW":{"validate":1,"type":"paid","uni":"wnti-bhsre1","meno":"ahmadnaser"},"PRE-HKUD7":{"validate":1,"type":"paid","uni":"wnti-bhsre1","meno":"ahmadnaser"},"PRE-HFGHA":{"validate":1,"type":"paid","uni":"wnti-bhsre1","meno":"ahmadnaser"},"PRE-HJA2G":{"validate":1,"type":"paid","uni":"wnti-bhsre1","meno":"ahmadnaser"},"PRE-H4KPD":{"validate":1,"type":"paid","uni":"wnti-bhsre1","meno":"ahmadnaser"},"PRE-HIXHZ":{"validate":1,"type":"paid","uni":"wnti-bhsre1","meno":"ahmadnaser"},"PRE-HWCOI":{"validate":1,"type":"paid","uni":"wnti-bhsre1","meno":"ahmadnaser"},"PRE-HTSAL":{"validate":1,"type":"paid","uni":"wnti-bhsre1","meno":"ahmadnaser"},"PRE-HBR1D":{"validate":1,"type":"paid","uni":"wnti-bhsre1","meno":"ahmadnaser"},"PRE-123q":{"validate":0,"type":"paid","uni":"wnti-bhsre1","meno":"ahmadnaser"},"iyan":{"validate":0,"type":"paid","uni":"wnti-bhsre1","meno":"ana"},"asdwloo":{"validate":0,"type":"paid","uni":"wnti-bhsre1","meno":"ana"},"drjehad":{"validate":0,"type":"paid","uni":"wnti-bhsre1","meno":"ana"},"PREHFNGQ":{"validate":0,"type":"paid","uni":"wnti-bhsre1","meno":"ahmadnaser"},"PREH0ZOU":{"validate":1,"type":"paid","uni":"wnti-bhsre1","meno":"ahmadnaser"},"PREHFTH7":{"validate":0,"type":"paid","uni":"wnti-bhsre1","meno":"ahmadnaser"},"PREHQDSW":{"validate":0,"type":"paid","uni":"wnti-bhsre1","meno":"ahmadnaser"},"PREHCU23":{"validate":0,"type":"paid","uni":"wnti-bhsre1","meno":"ahmadnaser"},"PREHYTQ5":{"validate":0,"type":"paid","uni":"wnti-bhsre1","meno":"ahmadnaser"},"PREH3RY8":{"validate":0,"type":"paid","uni":"wnti-bhsre1","meno":"ahmadnaser"},"PREHYHJG":{"validate":0,"type":"paid","uni":"wnti-bhsre1","meno":"ahmadnaser"},"PREH1I43":{"validate":0,"type":"paid","uni":"wnti-bhsre1","meno":"ahmadnaser"},"PREH7QNG":{"validate":0,"type":"paid","uni":"wnti-bhsre1","meno":"ahmadnaser"},"PREH2I26":{"validate":0,"type":"paid","uni":"wnti-bhsre1","meno":"ahmadnaser"},"PREHGONJ":{"validate":0,"type":"paid","uni":"wnti-bhsre1","meno":"ahmadnaser"},"PREHDWYN":{"validate":0,"type":"paid","uni":"wnti-bhsre1","meno":"ahmadnaser"},"PREHLTDI":{"validate":1,"type":"paid","uni":"wnti-bhsre1","meno":"ahmadnaser"},"PREH09MZ":{"validate":1,"type":"paid","uni":"wnti-bhsre1","meno":"ahmadnaser"},"PREH1W5X":{"validate":1,"type":"paid","uni":"wnti-bhsre1","meno":"ahmadnaser"},"PREHP43Q":{"validate":1,"type":"paid","uni":"wnti-bhsre1","meno":"ahmadnaser"},"PREHPB9O":{"validate":1,"type":"paid","uni":"wnti-bhsre1","meno":"ahmadnaser"},"PREH65R8":{"validate":1,"type":"paid","uni":"wnti-bhsre1","meno":"ahmadnaser"},"PREHAN2D":{"validate":0,"type":"paid","uni":"wnti-bhsre1","meno":"ahmadnaser"},"PREH9NFL":{"validate":0,"type":"paid","uni":"wnti-bhsre1","meno":"ahmadnaser"},"PREHO2X3":{"validate":1,"type":"paid","uni":"wnti-bhsre1","meno":"ahmadnaser"},"PREH81FM":{"validate":0,"type":"paid","uni":"wnti-bhsre1","meno":"ahmadnaser"},"PREH2JNW":{"validate":0,"type":"paid","uni":"wnti-bhsre1","meno":"ahmadnaser"},"PREH4RF3":{"validate":0,"type":"paid","uni":"wnti-bhsre1","meno":"ahmadnaser"},"PREHZHIQ":{"validate":0,"type":"paid","uni":"wnti-bhsre1","meno":"ahmadnaser"},"PREHU6S8":{"validate":0,"type":"paid","uni":"wnti-bhsre1","meno":"ahmadnaser"},"PREHVNIN":{"validate":0,"type":"paid","uni":"wnti-bhsre1","meno":"ahmadnaser"},"PREHG1AB":{"validate":0,"type":"paid","uni":"wnti-bhsre1","meno":"ahmadnaser"},"PREHYWCW":{"validate":0,"type":"paid","uni":"wnti-bhsre1","meno":"ahmadnaser"},"PREHT0O0":{"validate":0,"type":"paid","uni":"wnti-bhsre1","meno":"ahmadnaser"},"PREH0JTT":{"validate":1,"type":"paid","uni":"wnti-bhsre1","meno":"ahmadnaser"},"PREH55ZZ":{"validate":0,"type":"paid","uni":"wnti-bhsre1","meno":"ahmadnaser"},"PREHGW42":{"validate":0,"type":"paid","uni":"wnti-bhsre1","meno":"ahmadnaser"},"PREHT0JJ":{"validate":1,"type":"paid","uni":"wnti-bhsre1","meno":"ahmadnaser"},"PREHP4LH":{"validate":0,"type":"paid","uni":"wnti-bhsre1","meno":"ahmadnaser"},"PREHQ7QV":{"validate":0,"type":"paid","uni":"wnti-bhsre1","meno":"ahmadnaser"},"PREH7I99":{"validate":0,"type":"paid","uni":"wnti-bhsre1","meno":"ahmadnaser"},"PREH3DF4":{"validate":0,"type":"paid","uni":"wnti-bhsre1","meno":"ahmadnaser"},"PREHW3FR":{"validate":0,"type":"paid","uni":"wnti-bhsre1","meno":"ahmadnaser"},"PREHHQ9Z":{"validate":0,"type":"paid","uni":"wnti-bhsre1","meno":"ahmadnaser"},"PREH053H":{"validate":0,"type":"paid","uni":"wnti-bhsre1","meno":"ahmadnaser"},"PREHRZDD":{"validate":1,"type":"paid","uni":"wnti-bhsre1","meno":"ahmadnaser"},"PREH8HC9":{"validate":1,"type":"paid","uni":"wnti-bhsre1","meno":"ahmadnaser"},"PREHJWBQ":{"validate":1,"type":"paid","uni":"wnti-bhsre1","meno":"ahmadnaser"},"PREH2ELZ":{"validate":1,"type":"paid","uni":"wnti-bhsre1","meno":"ahmadnaser"},"PREHF3HZ":{"validate":1,"type":"paid","uni":"wnti-bhsre1","meno":"ahmadnaser"},"PREHVZLZ":{"validate":1,"type":"paid","uni":"wnti-bhsre1","meno":"ahmadnaser"},"PREH6FK0":{"validate":1,"type":"paid","uni":"wnti-bhsre1","meno":"ahmadnaser"},"PREHR7CL":{"validate":1,"type":"paid","uni":"wnti-bhsre1","meno":"ahmadnaser"},"promo":{"validate":1,"type":"free","uni":"wnti-bhsre1","meno":"anaa"},"PREH8HYG8":{"validate":1,"type":"paid","uni":"wnti-bhsre1","meno":"ahmadnaser"},"PREH784NW":{"validate":0,"type":"paid","uni":"wnti-bhsre1","meno":"ahmadnaser"},"PREHL4LOC":{"validate":1,"type":"paid","uni":"wnti-bhsre1","meno":"ahmadnaser"},"PREHHE7SS":{"validate":1,"type":"paid","uni":"wnti-bhsre1","meno":"ahmadnaser"},"PREHGRXN4":{"validate":0,"type":"paid","uni":"wnti-bhsre1","meno":"ahmadnaser"},"PREHHOE92":{"validate":0,"type":"paid","uni":"wnti-bhsre1","meno":"ahmadnaser"},"PREHV9CWT":{"validate":0,"type":"paid","uni":"wnti-bhsre1","meno":"ahmadnaser"},"PREHL4AXI":{"validate":0,"type":"paid","uni":"wnti-bhsre1","meno":"ahmadnaser"},"PREHNE9J0":{"validate":0,"type":"paid","uni":"wnti-bhsre1","meno":"ahmadnaser"},"PREHC3UF0":{"validate":1,"type":"paid","uni":"wnti-bhsre1","meno":"ahmadnaser"},"PREHYYEQD":{"validate":0,"type":"paid","uni":"wnti-bhsre1","meno":"ahmadnaser"},"PREHSPNO4":{"validate":0,"type":"paid","uni":"wnti-bhsre1","meno":"ahmadnaser"},"PREHP38HU":{"validate":0,"type":"paid","uni":"wnti-bhsre1","meno":"ahmadnaser"},"PREHDJECO":{"validate":0,"type":"paid","uni":"wnti-bhsre1","meno":"ahmadnaser"},"PREH4DFKG":{"validate":0,"type":"paid","uni":"wnti-bhsre1","meno":"ahmadnaser"},"PREHOLZXC":{"validate":0,"type":"paid","uni":"wnti-bhsre1","meno":"ahmadnaser"},"PREHV4ROZ":{"validate":0,"type":"paid","uni":"wnti-bhsre1","meno":"ahmadnaser"},"PREH4UEYV":{"validate":0,"type":"paid","uni":"wnti-bhsre1","meno":"ahmadnaser"},"PREHB4QRV":{"validate":0,"type":"paid","uni":"wnti-bhsre1","meno":"ahmadnaser"},"PREH9P55A":{"validate":1,"type":"paid","uni":"wnti-bhsre1","meno":"ahmadnaser"},"PREHPRFTF":{"validate":0,"type":"paid","uni":"wnti-bhsre1","meno":"ahmadnaser"},"PREHWIATU":{"validate":1,"type":"paid","uni":"wnti-bhsre1","meno":"ahmadnaser"},"PREHAUOCL":{"validate":1,"type":"paid","uni":"wnti-bhsre1","meno":"ahmadnaser"},"PREHJ3P0P":{"validate":1,"type":"paid","uni":"wnti-bhsre1","meno":"ahmadnaser"},"PREHTZOJM":{"validate":1,"type":"paid","uni":"wnti-bhsre1","meno":"ahmadnaser"},"PREHELZTS":{"validate":1,"type":"paid","uni":"wnti-bhsre1","meno":"ahmadnaser"},"PREHXKV01":{"validate":0,"type":"paid","uni":"wnti-bhsre1","meno":"ahmadnaser"},"PREH9U7HC":{"validate":1,"type":"paid","uni":"wnti-bhsre1","meno":"ahmadnaser"},"PREHT77SV":{"validate":1,"type":"paid","uni":"wnti-bhsre1","meno":"ahmadnaser"},"PREH9E1TY":{"validate":0,"type":"paid","uni":"wnti-bhsre1","meno":"ahmadnaser"},"PREHNE63N":{"validate":0,"type":"paid","uni":"wnti-bhsre1","meno":"ahmadnaser"},"PREHFAG4W":{"validate":1,"type":"paid","uni":"wnti-bhsre1","meno":"ahmadnaser"},"PREHASOXW":{"validate":1,"type":"paid","uni":"wnti-bhsre1","meno":"ahmadnaser"},"PREHIPQ7V":{"validate":1,"type":"paid","uni":"wnti-bhsre1","meno":"ahmadnaser"},"PREH7C4DR":{"validate":1,"type":"paid","uni":"wnti-bhsre1","meno":"ahmadnaser"},"PREHC0186":{"validate":1,"type":"paid","uni":"wnti-bhsre1","meno":"ahmadnaser"},"PREHJ4FB3":{"validate":1,"type":"paid","uni":"wnti-bhsre1","meno":"ahmadnaser"},"PREHOMBZ8":{"validate":1,"type":"paid","uni":"wnti-bhsre1","meno":"ahmadnaser"},"PREH9BNFT":{"validate":1,"type":"paid","uni":"wnti-bhsre1","meno":"ahmadnaser"},"PREH4E4SM":{"validate":1,"type":"paid","uni":"wnti-bhsre1","meno":"ahmadnaser"},"PREHKEG62":{"validate":1,"type":"paid","uni":"wnti-bhsre1","meno":"ahmadnaser"},"PREHHZE5Z":{"validate":1,"type":"paid","uni":"wnti-bhsre1","meno":"ahmadnaser"},"PREH3230W":{"validate":1,"type":"paid","uni":"wnti-bhsre1","meno":"ahmadnaser"},"PREHQKDQG":{"validate":1,"type":"paid","uni":"wnti-bhsre1","meno":"ahmadnaser"},"PREH7EKUE":{"validate":1,"type":"paid","uni":"wnti-bhsre1","meno":"ahmadnaser"},"PREHBQ98J":{"validate":1,"type":"paid","uni":"wnti-bhsre1","meno":"ahmadnaser"},"PREHMPG2L":{"validate":1,"type":"paid","uni":"wnti-bhsre1","meno":"ahmadnaser"},"PREHM5G0C":{"validate":1,"type":"paid","uni":"wnti-bhsre1","meno":"ahmadnaser"},"PREHGZIEE":{"validate":1,"type":"paid","uni":"wnti-bhsre1","meno":"ahmadnaser"},"PREHOF9RY":{"validate":1,"type":"paid","uni":"wnti-bhsre1","meno":"ahmadnaser"},"PREH1OYZ0U":{"validate":1,"type":"paid","uni":"wtni-bshre1","meno":"ahmadnaser"},"PREHEEF7WL":{"validate":1,"type":"paid","uni":"wtni-bshre1","meno":"ahmadnaser"},"PREH68P00D":{"validate":1,"type":"paid","uni":"wtni-bshre1","meno":"ahmadnaser"},"PREH13YZYZ":{"validate":0,"type":"paid","uni":"wtni-bshre1","meno":"ahmadnaser"},"PREH93W0OK":{"validate":1,"type":"paid","uni":"wtni-bshre1","meno":"ahmadnaser"},"PREH6V1LHC":{"validate":1,"type":"paid","uni":"wtni-bshre1","meno":"ahmadnaser"},"PREHACM9SW":{"validate":1,"type":"paid","uni":"wtni-bshre1","meno":"ahmadnaser"},"PREHMDKB7D":{"validate":1,"type":"paid","uni":"wtni-bshre1","meno":"ahmadnaser"},"PREH2PUGLS":{"validate":1,"type":"paid","uni":"wtni-bshre1","meno":"ahmadnaser"},"PREHI4CCXH":{"validate":1,"type":"paid","uni":"wtni-bshre1","meno":"ahmadnaser"},"PREHV47DTH":{"validate":1,"type":"paid","uni":"wtni-bshre1","meno":"ahmadnaser"},"PREH5DY7KH":{"validate":1,"type":"paid","uni":"wtni-bshre1","meno":"ahmadnaser"},"PREH6E86Z0":{"validate":1,"type":"paid","uni":"wtni-bshre1","meno":"ahmadnaser"},"PREHR96KJA":{"validate":1,"type":"paid","uni":"wtni-bshre1","meno":"ahmadnaser"},"PREHBMRVN2":{"validate":1,"type":"paid","uni":"wtni-bshre1","meno":"ahmadnaser"},"PREHMAYY6I":{"validate":1,"type":"paid","uni":"wtni-bshre1","meno":"ahmadnaser"},"PREH2SAKW5":{"validate":1,"type":"paid","uni":"wtni-bshre1","meno":"ahmadnaser"},"PREHA8M57O":{"validate":1,"type":"paid","uni":"wtni-bshre1","meno":"ahmadnaser"},"PREHW0BDDN":{"validate":1,"type":"paid","uni":"wtni-bshre1","meno":"ahmadnaser"},"PREHDTGK55":{"validate":1,"type":"paid","uni":"wtni-bshre1","meno":"ahmadnaser"},"PREHQGBS9F":{"validate":1,"type":"paid","uni":"wtni-bshre1","meno":"ahmadnaser"},"PREHW3Q4HB":{"validate":0,"type":"paid","uni":"wtni-bshre1","meno":"ahmadnaser"},"PREHSIAX8S":{"validate":0,"type":"paid","uni":"wtni-bshre1","meno":"ahmadnaser"},"PREHLAH6YX":{"validate":1,"type":"paid","uni":"wtni-bshre1","meno":"ahmadnaser"},"PREHP63QG4":{"validate":1,"type":"paid","uni":"wtni-bshre1","meno":"ahmadnaser"},"PREHV7OXZ7":{"validate":1,"type":"paid","uni":"wtni-bshre1","meno":"ahmadnaser"},"PREHEPCQS6":{"validate":1,"type":"paid","uni":"wtni-bshre1","meno":"ahmadnaser"},"PREHHZPZUU":{"validate":1,"type":"paid","uni":"wtni-bshre1","meno":"ahmadnaser"},"PREHPRIUF5":{"validate":1,"type":"paid","uni":"wtni-bshre1","meno":"ahmadnaser"},"PREHG1KAXI":{"validate":1,"type":"paid","uni":"wtni-bshre1","meno":"ahmadnaser"},"PREHZ7PPF7":{"validate":0,"type":"paid","uni":"wtni-bshre1","meno":"ahmadnaser"},"PREHLE3PQK":{"validate":1,"type":"paid","uni":"wtni-bshre1","meno":"ahmadnaser"},"PREH6II7AA":{"validate":1,"type":"paid","uni":"wtni-bshre1","meno":"ahmadnaser"},"PREH3J2LHL":{"validate":1,"type":"paid","uni":"wtni-bshre1","meno":"ahmadnaser"},"PREHAG4Y63":{"validate":1,"type":"paid","uni":"wtni-bshre1","meno":"ahmadnaser"},"PREHER7G15":{"validate":1,"type":"paid","uni":"wtni-bshre1","meno":"ahmadnaser"},"PREHJNOY6Q":{"validate":1,"type":"paid","uni":"wtni-bshre1","meno":"ahmadnaser"},"PREH5VXD8F":{"validate":1,"type":"paid","uni":"wtni-bshre1","meno":"ahmadnaser"},"PREH7R93WZ":{"validate":1,"type":"paid","uni":"wtni-bshre1","meno":"ahmadnaser"},"PREHOXCENM":{"validate":1,"type":"paid","uni":"wtni-bshre1","meno":"ahmadnaser"},"PREHY6587R":{"validate":1,"type":"paid","uni":"wtni-bshre1","meno":"ahmadnaser"},"PREHX9X3GT":{"validate":1,"type":"paid","uni":"wtni-bshre1","meno":"ahmadnaser"},"PREHO5C64Q":{"validate":1,"type":"paid","uni":"wtni-bshre1","meno":"ahmadnaser"},"PREHZLHGHD":{"validate":1,"type":"paid","uni":"wtni-bshre1","meno":"ahmadnaser"},"PREHZDXIHH":{"validate":1,"type":"paid","uni":"wtni-bshre1","meno":"ahmadnaser"},"PREHCBDAA4":{"validate":1,"type":"paid","uni":"wtni-bshre1","meno":"ahmadnaser"},"PREHJH5LCF":{"validate":1,"type":"paid","uni":"wtni-bshre1","meno":"ahmadnaser"},"PREHHTDCW5":{"validate":1,"type":"paid","uni":"wtni-bshre1","meno":"ahmadnaser"},"PREH5P9NM7":{"validate":0,"type":"paid","uni":"wtni-bshre1","meno":"ahmadnaser"},"PREH2N5L0P":{"validate":1,"type":"paid","uni":"wtni-bshre1","meno":"ahmadnaser"},"PREHQRIM59":{"validate":1,"type":"paid","uni":"wtni-bshre1","meno":"ahmadnaser"},"PREHMGSQ62":{"validate":1,"type":"paid","uni":"wtni-bshre1","meno":"ahmadnaser"},"PREHDN80E8":{"validate":1,"type":"paid","uni":"wtni-bshre1","meno":"ahmadnaser"},"PREHRB1X3K":{"validate":1,"type":"paid","uni":"wtni-bshre1","meno":"ahmadnaser"},"PREHF9I9E0":{"validate":1,"type":"paid","uni":"wtni-bshre1","meno":"ahmadnaser"},"PREHP0I7W6":{"validate":1,"type":"paid","uni":"wtni-bshre1","meno":"ahmadnaser"},"PREHQFH0VM":{"validate":1,"type":"paid","uni":"wtni-bshre1","meno":"ahmadnaser"},"PREHQY0QCO":{"validate":1,"type":"paid","uni":"wtni-bshre1","meno":"ahmadnaser"},"PREHZHN4ZC":{"validate":1,"type":"paid","uni":"wtni-bshre1","meno":"ahmadnaser"},"PREHV639J7":{"validate":1,"type":"paid","uni":"wtni-bshre1","meno":"ahmadnaser"},"PREH6FR26S":{"validate":1,"type":"paid","uni":"wtni-bshre1","meno":"ahmadnaser"},"PREHJ1AFOO":{"validate":1,"type":"paid","uni":"wtni-bshre1","meno":"ahmadnaser"},"PREHY8X1FK":{"validate":1,"type":"paid","uni":"wtni-bshre1","meno":"ahmadnaser"},"PREHQRJ1QL":{"validate":1,"type":"paid","uni":"wtni-bshre1","meno":"ahmadnaser"},"PREHEYYB03":{"validate":1,"type":"paid","uni":"wtni-bshre1","meno":"ahmadnaser"},"PREHYZEOVU":{"validate":1,"type":"paid","uni":"wtni-bshre1","meno":"ahmadnaser"},"PREHN6O560":{"validate":1,"type":"paid","uni":"wtni-bshre1","meno":"ahmadnaser"},"PREHTFNJCG":{"validate":1,"type":"paid","uni":"wtni-bshre1","meno":"ahmadnaser"},"PREHKHGL71":{"validate":1,"type":"paid","uni":"wtni-bshre1","meno":"ahmadnaser"},"PREHJEUSI4":{"validate":1,"type":"paid","uni":"wtni-bshre1","meno":"ahmadnaser"},"PREHFYXRCR":{"validate":1,"type":"paid","uni":"wtni-bshre1","meno":"ahmadnaser"},"PREHL1585O":{"validate":1,"type":"paid","uni":"wtni-bshre1","meno":"ahmadnaser"},"PREH1190B7":{"validate":1,"type":"paid","uni":"wtni-bshre1","meno":"ahmadnaser"},"PREH2MKMXZ":{"validate":1,"type":"paid","uni":"wtni-bshre1","meno":"ahmadnaser"},"PREH51WXYY":{"validate":1,"type":"paid","uni":"wtni-bshre1","meno":"ahmadnaser"},"PREHKDXA2W":{"validate":1,"type":"paid","uni":"wtni-bshre1","meno":"ahmadnaser"},"PREH9VQUOQ":{"validate":1,"type":"paid","uni":"wtni-bshre1","meno":"ahmadnaser"},"PREHC1STOT":{"validate":1,"type":"paid","uni":"wtni-bshre1","meno":"ahmadnaser"},"PREHKIH2E0":{"validate":1,"type":"paid","uni":"wtni-bshre1","meno":"ahmadnaser"},"PREHLGSMNL":{"validate":1,"type":"paid","uni":"wtni-bshre1","meno":"ahmadnaser"},"PREH1D7JAM":{"validate":1,"type":"paid","uni":"wtni-bshre1","meno":"ahmadnaser"},"PREHGWKBH1":{"validate":1,"type":"paid","uni":"wtni-bshre1","meno":"ahmadnaser"},"PREHMKKQGD":{"validate":1,"type":"paid","uni":"wtni-bshre1","meno":"ahmadnaser"},"PREHXR77LU":{"validate":1,"type":"paid","uni":"wtni-bshre1","meno":"ahmadnaser"},"PREHD31Z2D":{"validate":1,"type":"paid","uni":"wtni-bshre1","meno":"ahmadnaser"},"PREHBITIGJ":{"validate":1,"type":"paid","uni":"wtni-bshre1","meno":"ahmadnaser"},"PREHQ1W2ID":{"validate":1,"type":"paid","uni":"wtni-bshre1","meno":"ahmadnaser"},"PREH8FRJY6":{"validate":1,"type":"paid","uni":"wtni-bshre1","meno":"ahmadnaser"},"PREHDWQ32A":{"validate":1,"type":"paid","uni":"wtni-bshre1","meno":"ahmadnaser"},"PREHE05MJ1":{"validate":1,"type":"paid","uni":"wtni-bshre1","meno":"ahmadnaser"},"PREH1R0PZU":{"validate":1,"type":"paid","uni":"wtni-bshre1","meno":"ahmadnaser"},"PREH5FXGUI":{"validate":1,"type":"paid","uni":"wtni-bshre1","meno":"ahmadnaser"},"PREH6F1JZC":{"validate":1,"type":"paid","uni":"wtni-bshre1","meno":"ahmadnaser"},"PREHR45PFU":{"validate":1,"type":"paid","uni":"wtni-bshre1","meno":"ahmadnaser"},"PREHRZG6GL":{"validate":1,"type":"paid","uni":"wtni-bshre1","meno":"ahmadnaser"},"PREHV6NE32":{"validate":1,"type":"paid","uni":"wtni-bshre1","meno":"ahmadnaser"},"PREHK14VQ8":{"validate":0,"type":"paid","uni":"wtni-bshre1","meno":"ahmadnaser"},"PREHGNG3RB":{"validate":0,"type":"paid","uni":"wtni-bshre1","meno":"ahmadnaser"},"PREHDLEXSX":{"validate":1,"type":"paid","uni":"wtni-bshre1","meno":"ahmadnaser"},"PREHZZYBN0":{"validate":1,"type":"paid","uni":"wtni-bshre1","meno":"ahmadnaser"}}