[{"name":"ds"},{"name":"haidar"},{"name":"asd"},{"name":"Hj"},{"name":"Bb"},{"name":"Hhh"},{"name":""},{"name":"غزل"},{"name":"ميلاد دلا "},{"name":"رند زهرة"},{"name":"رند زهرة"},{"name":"رند زهرة"},{"name":"رند زهرة"},{"name":"رند زهرة"},{"name":"ميلاد دلا"},{"name":"ميلاد دلا "},{"name":"ريما اليوسف "},{"name":"Toula"},{"name":"رند زهرة"},{"name":"رند زهرة"},{"name":"رند زهرة"},{"name":"رند زهرة"},{"name":"رند زهرة"},{"name":"رند زهرة"},{"name":"رند زهرة"},{"name":"رند زهرة"},{"name":"رند زهرة"},{"name":"مها"},{"name":"حسن حسن"},{"name":"يوسف سطوف "},{"name":"ميلاد دلا "},{"name":"حيدر "},{"name":"علي"},{"name":"هادي"},{"name":"علي"},{"name":"ابراهيم"},{"name":"ساره علي "},{"name":"براءة "},{"name":"براءة "},{"name":"ناصر"},{"name":""},{"name":""},{"name":"حسين يوسف"},{"name":"سيدرا"},{"name":"Ahmad"},{"name":"سيدرا"},{"name":"سيدرا"},{"name":"حيدر "},{"name":"حيدر "},{"name":"حيدر "},{"name":"حيدر "},{"name":"حيدر "},{"name":"حيدر "},{"name":"حيدر "},{"name":"زين العابدين"},{"name":"حسين يوسف"},{"name":"Ahmad"},{"name":"حسين "},{"name":"Siko"},{"name":"حسن"},{"name":"زين الاسمر"},{"name":"حيدر "},{"name":"حلا "},{"name":"بتول"},{"name":"zeinab"},{"name":"zeinab"},{"name":"zeinab"},{"name":"Faten alsini"},{"name":"حيدر"},{"name":"حيدر"},{"name":"حيدر"},{"name":"محمد علي العل"},{"name":"نصر ابراهيم"},{"name":"علي الازهر"},{"name":"حسين يوسف"},{"name":"جوى جاموس "},{"name":"علي نجيمة "},{"name":"بشرى"},{"name":"علي نجيمة "},{"name":"علي نجيمة "},{"name":"ريمة"},{"name":"ريمة"},{"name":"ريمة"},{"name":"علي حداد "},{"name":"محمد معروف"},{"name":"ابراهيم"},{"name":""},{"name":"محمد خيربك"},{"name":"yousefmhna242"},{"name":"Ali"},{"name":"Al"},{"name":"Al"},{"name":"لجين"},{"name":"كاردينيا "},{"name":"كاردينيا "},{"name":"كاردينيا "},{"name":"كاردينيا "},{"name":"كاردينيا "},{"name":"كاردينيا "},{"name":"كاردينيا "},{"name":"كاردينيا "},{"name":"كاردينيا "},{"name":"كاردينيا "},{"name":"كاردينيا "},{"name":"كاردينيا "},{"name":"كاردينيا "},{"name":"كاردينيا "},{"name":"كاردينيا "},{"name":"كاردينيا "},{"name":"كاردينيا "},{"name":"كاردينيا "},{"name":"كاردينيا "},{"name":"كاردينيا "},{"name":"كاردينيا "},{"name":"اريج علي"},{"name":"نصر ابراهيم"},{"name":"نصر ابراهيم"},{"name":"ولوةبى"},{"name":"علي حسن"},{"name":"علي حسن"},{"name":"علي حسن"},{"name":"هديل يوسف "},{"name":"حيدر"},{"name":"حيدر"},{"name":"حيدر"},{"name":""},{"name":"حيدره"},{"name":""},{"name":"Ghady Saleem"},{"name":"مريم زيد"},{"name":"براءه موسى"},{"name":"زينب ابراهيم"},{"name":"مهند"},{"name":"محمد "},{"name":"حيدر"},{"name":"حيدر"},{"name":"حيدر"},{"name":"Aya"},{"name":"زينب ابراهيم"},{"name":"زينب ابراهيم"},{"name":"Alan"},{"name":"ونكز"},{"name":""},{"name":""},{"name":""},{"name":""},{"name":""},{"name":""},{"name":""},{"name":""},{"name":""},{"name":"عبد"},{"name":"ناصر"},{"name":"رند "},{"name":"رند "},{"name":"جنى"},{"name":"جنى"},{"name":"عبود عالحدود"},{"name":"بشرى"},{"name":""},{"name":""},{"name":""},{"name":""},{"name":"سمير جعجع"},{"name":"سمير جعجع"},{"name":"قمر"},{"name":"CTN ctn ctn "},{"name":".."},{"name":"علي "},{"name":"علي"},{"name":"علي"},{"name":""},{"name":"حلا"},{"name":""},{"name":"حلا"},{"name":"عبود عالحدود"},{"name":"عبود عالحدود"},{"name":"عبود عالحدود"},{"name":"عبود عالحدود"},{"name":"Ali"},{"name":"Haidar Fadi S"},{"name":"Haidar Fadi S"},{"name":"حلا علي"},{"name":"حلا علي"},{"name":"حلا علي"},{"name":"حلا علي"},{"name":"حلا علي"},{"name":"حلا علي"},{"name":"حلا علي"},{"name":"حلا علي"},{"name":"حلا علي"},{"name":"حلا علي"},{"name":"حلا علي"},{"name":"يزن سليمان "},{"name":"حلا علي"},{"name":"حلا علي"},{"name":"حلا علي"},{"name":"محمد"},{"name":"محمد"},{"name":"محمد"},{"name":"محمد"},{"name":"محمد"},{"name":"محمد"},{"name":"Hi "},{"name":"عبود عالحدود"},{"name":"عبود عالحدود"},{"name":"sdfdfs"},{"name":"Bjj"},{"name":"Vhh"},{"name":"Bj"},{"name":"Fxs"},{"name":"مياس"},{"name":"sadasdsa"},{"name":"حلا"},{"name":"حلا"},{"name":"Bjj"},{"name":"Toula"},{"name":"مريم"},{"name":"عبود عالحدود"},{"name":"بشرى"},{"name":"حيدر"},{"name":"حمزة"},{"name":""},{"name":""},{"name":"يوسف سطوف "},{"name":""},{"name":"Rand "},{"name":"رند زهرة"},{"name":"Ctnctnctn"},{"name":"يزن "},{"name":"بتول"},{"name":"سيدرا"},{"name":""},{"name":"ريما اليوسف "},{"name":"رشا"},{"name":"بتول"},{"name":"علي"},{"name":"عيسى "},{"name":"اية"},{"name":"Jjj"},{"name":"مايا"},{"name":"الإسكندر"},{"name":"الإسكندر"},{"name":"الإسكندر"},{"name":"ت"},{"name":"محمد"},{"name":"Haidar Fadi S"},{"name":"Laith"},{"name":"Unknown"},{"name":"Unknown"},{"name":"محمد علي "},{"name":"User"},{"name":""},{"name":"لجين"},{"name":"لجين"},{"name":"لجين"},{"name":"لجين"},{"name":""},{"name":"حيدر"},{"name":"آية كفرجومي"},{"name":"مرح"},{"name":"Toty"},{"name":"Hdhdhdh"},{"name":"اويس"},{"name":"اويس"},{"name":""},{"name":"عمار احمد"},{"name":"Jdmdnd"},{"name":"Alaa"},{"name":"Alaa"},{"name":"Alaa"},{"name":"Alaa"},{"name":"G"},{"name":"شروق"},{"name":"حيدر "},{"name":"Bana"},{"name":"معاذ"},{"name":"حيدر"},{"name":"حيدر"},{"name":"حيدر"},{"name":"حيدر"},{"name":"شروق"},{"name":"Bjjh"},{"name":"عبود عالحدود "},{"name":"حسن "},{"name":"لودي ديبه"},{"name":"لودي ديبه"},{"name":"نصر ابراهيم"},{"name":"Jawdat"},{"name":"راما ورده"},{"name":"مارلا"},{"name":"معاذ"},{"name":"eissa"},{"name":"Mm"},{"name":"ناصر"},{"name":"براءة مصطفى "},{"name":"اية ملحم"},{"name":"آية ملحم "},{"name":"آلاء "},{"name":"eissa"},{"name":"آلاء "},{"name":"عيسى"},{"name":"عيسى"},{"name":"د رنيم الحاج "},{"name":"د رنيم الحاج "},{"name":"علي الازهر"},{"name":"اريج"},{"name":"علي صالح"},{"name":"لين "},{"name":"mmm"},{"name":"mmm"},{"name":"Bbn"},{"name":"غنوى أحمد"},{"name":"mmm"},{"name":"HamzaMoulla"},{"name":"HamzaMoulla"},{"name":"حيدر"},{"name":"Ahmed AlNasse"},{"name":"محمد"},{"name":"محمد"},{"name":"HamzaMoulla"},{"name":"Raneem Fahda"},{"name":"Ghadeer "},{"name":"حسين"},{"name":"حسين"},{"name":"يارا"},{"name":"حيدر"},{"name":"حيدر"},{"name":"حيدر"},{"name":"علي الدايري"},{"name":"يارا"},{"name":"يارا"},{"name":"يارا"},{"name":"يارا"},{"name":"يارا"},{"name":"يارا"},{"name":"يارا"},{"name":"اويس"},{"name":"اويس"},{"name":"حيدر "},{"name":"Hasz"},{"name":"بتول"},{"name":"بتول"},{"name":"احمد"},{"name":"علي الدايري"},{"name":"سيدرا"},{"name":"سيدرا"},{"name":"Bebe"},{"name":"حيدر"},{"name":"Mahdi"},{"name":"راما "},{"name":"nova"},{"name":"Hadi"},{"name":"زينه"},{"name":"زينه"},{"name":"نادر "},{"name":"نادر "},{"name":"حيدر "},{"name":"بتول"},{"name":"بتول"},{"name":"بتول"},{"name":"Nn"},{"name":"Hhh"},{"name":"Jj"},{"name":"dwq"},{"name":"DSF"},{"name":"sad"},{"name":"FCGHJ"},{"name":"غدير"},{"name":"علي"},{"name":"حمزة"},{"name":"زينب ابراهيم"},{"name":"ابراهيم هدبة"},{"name":"ابراهيم هدبة"},{"name":"مايا"},{"name":"ريمة"},{"name":"زينب ابراهيم"},{"name":"غاردينيا صالح"},{"name":"Mohammad"},{"name":"براءة مصطفى "},{"name":"رغد "},{"name":""},{"name":"زينب ابراهيم"},{"name":"علي"},{"name":"تن"},{"name":"مايا"},{"name":"حلا "},{"name":"Vjvj"},{"name":"آية "},{"name":"يارا"},{"name":"جمان "},{"name":"جمان "},{"name":"مها"},{"name":"Detective Mai"},{"name":"M"},{"name":"جمان "},{"name":"Bebe"},{"name":"mmm"},{"name":"رند "},{"name":"علي"},{"name":"Ali"},{"name":""},{"name":"رند "},{"name":"nova"},{"name":"اويس"},{"name":"لين"},{"name":"لين"},{"name":"حلا"},{"name":"بيان"},{"name":"علي الدايري"},{"name":"Ra"},{"name":"Leen"},{"name":"هادي"},{"name":"Leen"},{"name":"Leen"},{"name":"Leen"},{"name":"Leen"},{"name":"Leen"},{"name":"Leen"},{"name":"مها"},{"name":"Tara"},{"name":"تارة "},{"name":"حيدر"},{"name":"Hasan"},{"name":""},{"name":"نور "},{"name":"تارة "},{"name":"شهد"},{"name":"AHMAD AS"},{"name":"حسين"},{"name":"حسين"},{"name":"نقيب"},{"name":"علي"},{"name":"علي"},{"name":"جوى"},{"name":"علي"},{"name":"علي"},{"name":"مهند"},{"name":"مهند"},{"name":""},{"name":"حيدر سليمان"},{"name":"عامر احمد"},{"name":"عامر احمد"},{"name":"عامر احمد"},{"name":"زين الاسمر"},{"name":""},{"name":""},{"name":""},{"name":"زين الاسمر"},{"name":"HamzaMoulla"},{"name":"يمنى "},{"name":"HamzaMoulla"},{"name":"HamzaMoulla"},{"name":"يمنى "},{"name":"HamzaMoulla"},{"name":"HamzaMoulla"},{"name":"HamzaMoulla"},{"name":"HamzaMoulla"},{"name":"HamzaMoulla"},{"name":"يمنى "},{"name":"يمنى "},{"name":"يمنى "},{"name":"زين الاسمر"},{"name":"ليال "},{"name":"زين الاسمر"},{"name":"زين الاسمر"},{"name":"زين الاسمر"},{"name":"زين الاسمر"},{"name":"زين الاسمر"},{"name":"زين الاسمر"},{"name":"مهند"},{"name":"مهند"},{"name":"مهند"},{"name":"مهند"},{"name":"مهند"},{"name":"مهند"},{"name":"ليال "},{"name":"مهند"},{"name":"مهند"},{"name":"مايا"},{"name":"نايا"},{"name":"Naya"},{"name":"لُجين"},{"name":"لُجين"},{"name":""},{"name":"يمنى "},{"name":"Reem"},{"name":"يمنى "},{"name":"يمنى "},{"name":"يمنى "},{"name":"غفران"},{"name":"غفران"},{"name":"Sufian186"},{"name":"بتول"},{"name":"بتول"},{"name":"بتول"},{"name":"بتول"},{"name":"بتول"},{"name":"سارة"},{"name":"بتول"},{"name":"بتول"},{"name":"مايا"},{"name":"بتول"},{"name":"مهند محمد"},{"name":"مهند محمد"},{"name":"مهند محمد"},{"name":"مهند محمد"},{"name":"مهند محمد"},{"name":"مهند محمد"},{"name":"مهند"},{"name":"مهند"},{"name":"مهند"},{"name":"مهند"},{"name":"مهند"},{"name":"مهند"},{"name":"مهند"},{"name":"مهند"},{"name":"مهند"},{"name":"مهند"},{"name":"مهند"},{"name":"مهند"},{"name":"مهند"},{"name":"مهند"},{"name":"مهند"},{"name":"مهند"},{"name":"مهند"},{"name":"مهند"},{"name":"zeinab"},{"name":"Sedra"},{"name":"شعبان "},{"name":"ميرال "},{"name":"ميرال "},{"name":"علي"},{"name":"آية محمود"},{"name":"آية محمود"},{"name":"ربيع"},{"name":"شعبان "},{"name":"شعبان "},{"name":"ليليان"},{"name":"Alma"},{"name":"لجين"},{"name":"لجين"},{"name":"لجين"},{"name":"مجد"},{"name":"Ahmad"},{"name":"احمد"},{"name":"لجين"},{"name":"لجين"},{"name":"لجين"},{"name":"لجين"},{"name":"لجين"},{"name":"لجين"},{"name":"لجين"},{"name":"لجين"},{"name":"لجين"},{"name":"لجين"},{"name":"لجين"},{"name":"لجين"},{"name":"Marah"},{"name":""},{"name":""},{"name":""},{"name":"ناديا"},{"name":"Toulaaaah"},{"name":"Farah"},{"name":"Sally"},{"name":""},{"name":"Hidara N W"},{"name":"محمد"},{"name":"مريم يوسف"},{"name":"Hidara N W"},{"name":"بتول"},{"name":"جنى"},{"name":"بتول"},{"name":"رحاب"},{"name":"رحاب"},{"name":"رحاب"},{"name":"رحاب"},{"name":"مريم يوسف"},{"name":"مريم يوسف"},{"name":"مريم يوسف"},{"name":"مريم يوسف"},{"name":"مريم يوسف"},{"name":"مريم يوسف"},{"name":"مريم يوسف"},{"name":"مريم يوسف"},{"name":"Mariam"},{"name":"رحاب"},{"name":"رحاب"},{"name":"رحاب"},{"name":"رحاب"},{"name":"رحاب"},{"name":"Deema"},{"name":"رحاب"},{"name":"رند"},{"name":"رند"},{"name":"رند"},{"name":"رند"},{"name":"رند"},{"name":"Enas ab"},{"name":"Enas ab"},{"name":"Enas ab"},{"name":"Enas ab"},{"name":"Enas ab"},{"name":"Enas ab"},{"name":"Enas ab"},{"name":"Enas ab"},{"name":"Enas ab"},{"name":"Enas ab"},{"name":"Enas ab"},{"name":"Enas ab"},{"name":"Enas ab"},{"name":"Enas ab"},{"name":"Enas ab"},{"name":"Enas ab"},{"name":"Enas ab"},{"name":"Enas ab"},{"name":"Enas ab"},{"name":"Enas ab"},{"name":"Enas ab"},{"name":"Enas ab"},{"name":"Enas ab"},{"name":"Enas ab"},{"name":"Enas ab"},{"name":"Enas ab"},{"name":"Enas ab"},{"name":"Enas ab"},{"name":"Enas ab"},{"name":"Enas ab"},{"name":"Enas ab"},{"name":"Enas ab"},{"name":"Enas ab"},{"name":"Enas ab"},{"name":"Enas ab"},{"name":"Enas ab"},{"name":"Enas ab"},{"name":"Enas ab"},{"name":"Enas ab"},{"name":"Enas ab"},{"name":"Enas ab"},{"name":"Enas ab"},{"name":"Enas ab"},{"name":"Enas ab"},{"name":"Enas ab"},{"name":"ايناس"},{"name":"ايناس"},{"name":"ايناس"},{"name":"ايناس"},{"name":"ايناس"},{"name":"ايناس"},{"name":"ايناس"},{"name":"ايناس"},{"name":"ايناس"},{"name":"ايناس"},{"name":"ايناس"},{"name":"ايناس"},{"name":"ايناس"},{"name":"ايناس"},{"name":"ايناس"},{"name":"ايناس"},{"name":"ايناس"},{"name":"ايناس"},{"name":"ايناس"},{"name":"ايناس"},{"name":"ايناس"},{"name":"ايناس"},{"name":"ايناس"},{"name":"ايناس"},{"name":"ايناس"},{"name":"Sara.bazzet"},{"name":""},{"name":""},{"name":"ايناس عبدان"},{"name":"ايناس عبدان"},{"name":"ايناس عبدان"},{"name":"ايناس عبدان"},{"name":"ايناس عبدان"},{"name":"ايناس عبدان"},{"name":""},{"name":"ايناس عبدان"},{"name":"ايناس عبدان"},{"name":"ايناس عبدان"},{"name":"ايناس عبدان"},{"name":"ايناس عبدان"},{"name":"ايناس عبدان"},{"name":"ايناس عبدان"},{"name":"ايناس عبدان"},{"name":"ايناس عبدان"},{"name":"ايناس عبدان"},{"name":"ايناس عبدان"},{"name":"ايناس عبدان"},{"name":"ايناس"},{"name":"ايناس"},{"name":"ايناس"},{"name":"ايناس"},{"name":"ايناس"},{"name":"ايناس"},{"name":"ايناس"},{"name":"مها"},{"name":"جعفر "},{"name":"عفاف"},{"name":"غنوه أحمد"},{"name":"غنوه أحمد"},{"name":"غنوه أحمد"},{"name":"غنوه أحمد"},{"name":"غنوه أحمد"},{"name":"غنوه أحمد"},{"name":"غنوه أحمد"},{"name":"عفاف"},{"name":"عفاف"},{"name":"مجد"},{"name":"عفاف"},{"name":"عفاف"},{"name":"عفاف"},{"name":"عفاف"},{"name":"عفاف"},{"name":"عفاف"},{"name":"عفاف"},{"name":"عفاف"},{"name":"عفاف"},{"name":"عفاف"},{"name":"عفاف"},{"name":"عفاف"},{"name":"عفاف"},{"name":"عفاف"},{"name":"عفاف"},{"name":"عفاف"},{"name":"عفاف"},{"name":"عفاف"},{"name":"عفاف"},{"name":"عفاف"},{"name":"عفاف"},{"name":"عفاف"},{"name":""},{"name":"عفاف"},{"name":"نغم"},{"name":"نغم"},{"name":"Elia"},{"name":"يوسف سطوف"},{"name":"Elia"},{"name":"يوسف سطوف "},{"name":"Shaymaa"},{"name":"يوسف سطوف "},{"name":"زين الاسمر"},{"name":"لين"},{"name":""},{"name":"يارا"},{"name":"Vbn"},{"name":"Dhj"},{"name":"Chh"},{"name":"جوى"},{"name":"hohi"},{"name":"لجين"},{"name":"لجين"},{"name":"صفا"},{"name":"Zeus"},{"name":"Samara"},{"name":"بشرى"},{"name":"علي نجيمة "},{"name":"حسين"},{"name":"حسين"},{"name":"حسين"},{"name":"حسين"},{"name":"حسين"},{"name":"حسين"},{"name":"حسين"},{"name":"حسين"},{"name":"حسين"},{"name":"حسين"},{"name":"حسين"},{"name":"حسين"},{"name":"ميلاد دلا"},{"name":"Hasan"},{"name":"فاطمة "},{"name":"ناصر"},{"name":"ناصر"},{"name":"ابراهيم"},{"name":"لودي ديبه"},{"name":"راما"},{"name":"HaidarMousa"},{"name":"..."},{"name":"محمد جاموس"},{"name":"عفاف"},{"name":"ملهم علاء ابر"},{"name":"ملهم علاء ابر"},{"name":"ليلى"},{"name":"ليلى"},{"name":"ملهم ابراهيم "},{"name":"Ziena"},{"name":"Ziena"},{"name":"محمد "},{"name":"جميل"},{"name":"جميل"},{"name":"جميل"},{"name":"جميل"},{"name":"جميل"},{"name":"جميل"},{"name":"جميل"},{"name":"حيدر"},{"name":"حيدر"},{"name":"حسن"},{"name":"علي"},{"name":"ديانا "},{"name":"Faten alsini "},{"name":"Naya"},{"name":""},{"name":"Asd"},{"name":"Asdd"},{"name":"Faten alsini "},{"name":"Faten alsini "},{"name":"Faten alsini "},{"name":"Faten alsini "},{"name":"Faten alsini "},{"name":"Faten alsini "},{"name":"Faten alsini "},{"name":"Faten alsini "},{"name":"Faten alsini "},{"name":"Faten alsini "},{"name":"Faten alsini"},{"name":"Laith"},{"name":"لين"},{"name":"لين"},{"name":"احمد"},{"name":"غدير"},{"name":""},{"name":"عبدالله شيخ ب"},{"name":"عبدالله شيخ ب"},{"name":"بتول"},{"name":"بتول"},{"name":"بتول"},{"name":"بتول"},{"name":"بتول"},{"name":"بتول"},{"name":"بتول"},{"name":"سارة علي"},{"name":"سارة علي"},{"name":"ميريام"},{"name":"حيدر"},{"name":"حيدر"},{"name":"ميريام "},{"name":"ميريام "},{"name":"ميريام "},{"name":"ميريام "},{"name":"ميريام "},{"name":"ميريام "},{"name":"ميريام "},{"name":"ميريام "},{"name":"ميريام "},{"name":"ميريام "},{"name":"ميريام "},{"name":"ميريام "},{"name":"ميريام "},{"name":"ميريام "},{"name":"ميريام"},{"name":"ميريام"},{"name":"ميريام"},{"name":"ميريام"},{"name":"ميريام"},{"name":"هديل زيد بظر"},{"name":"هديل زيد بظر"},{"name":"رولا "},{"name":"علي"},{"name":"مهدي"},{"name":"مهدي"},{"name":"غنوه "},{"name":"شهد"},{"name":"Hala Jhny "},{"name":"Hala Jhny "},{"name":"تالا"},{"name":"Hala Jhny "},{"name":"هزار "},{"name":"حلا"},{"name":"رغد"},{"name":"علي"},{"name":"محمد"},{"name":"محمد"},{"name":"محمد"},{"name":"محمد"},{"name":"محمد"},{"name":"محمد"},{"name":"محمد"},{"name":"محمد"},{"name":"محمد"},{"name":"محمد"},{"name":"محمد"},{"name":"محمد"},{"name":"محمد"},{"name":"محمد"},{"name":"محمد"},{"name":"محمد"},{"name":"محمد"},{"name":"محمد"},{"name":"محمد"},{"name":"محمد"},{"name":"محمد"},{"name":"محمد"},{"name":"محمد"},{"name":"محمد"},{"name":"محمد"},{"name":"محمد"},{"name":"محمد"},{"name":"محمد"},{"name":""},{"name":""},{"name":"هيا"},{"name":""},{"name":"لارا دلا"},{"name":"لارا دلا"},{"name":"حمزة"},{"name":"إبراهيم"},{"name":"إبراهيم"},{"name":"Ibrahim HZ "},{"name":"Ibrahim HZ "},{"name":"Ibrahim HZ "},{"name":"محمد علي العل"},{"name":"Hamza"},{"name":"زينب "},{"name":"زينب "},{"name":"هديل"},{"name":"هديل"},{"name":"لارا دلا"},{"name":"لارا دلا"},{"name":"لارا دلا"},{"name":"لارا دلا"},{"name":"لارا دلا"},{"name":"سارة"},{"name":"Hadeel"},{"name":""},{"name":" Hadeel"},{"name":"Hadeel"},{"name":"Hadeel"},{"name":"سيدرا"},{"name":"Unknown"},{"name":"جعفر "},{"name":"جعفر"},{"name":"حلا"},{"name":"راما ورده"},{"name":"راما ورده"},{"name":""},{"name":"L"},{"name":"MCQTEAM"},{"name":"Makzon9"},{"name":"Makzon89"},{"name":""},{"name":"Rawaa"},{"name":"BAZEGH"},{"name":"Mjd"},{"name":"Asd"},{"name":"Nour"},{"name":"F"},{"name":"olkp"},{"name":"Olkp"},{"name":""},{"name":"Mo"},{"name":"Bddf"},{"name":"Mohamadzain20"},{"name":"F"},{"name":"F"},{"name":"Jana"},{"name":"Hiba"},{"name":"May"},{"name":"Khaled"},{"name":"Khaled"},{"name":"Hala"},{"name":"Wissam"},{"name":"Ali"},{"name":"Ali"},{"name":"Ali"},{"name":"Sally"},{"name":"Sally"},{"name":"Sally"},{"name":"Ghadeer"},{"name":"Mohammad"},{"name":"Jin"},{"name":""},{"name":""},{"name":""},{"name":""},{"name":""},{"name":""},{"name":""},{"name":""},{"name":""},{"name":""},{"name":""},{"name":""},{"name":""},{"name":"Jeke"},{"name":"mo"},{"name":"Ziena"},{"name":"Ziena"},{"name":".."},{"name":"Faraah"},{"name":"Maram"},{"name":""},{"name":""},{"name":""},{"name":""},{"name":"Nour"},{"name":""},{"name":"Nour"},{"name":"Nour"},{"name":"Tara"},{"name":"Tara"},{"name":"Jin"},{"name":""},{"name":""},{"name":"Reem"},{"name":"Orf"},{"name":"Bayan"},{"name":"Marwa"},{"name":"Naya"},{"name":"Marwa"},{"name":"Fafa"},{"name":"Louay"},{"name":"Louay"},{"name":"Tarek"},{"name":"Tarek"},{"name":""},{"name":"Ruha"},{"name":"Reem"},{"name":""},{"name":""},{"name":""},{"name":""},{"name":"Abdullah"},{"name":""},{"name":"Aziz"},{"name":""},{"name":""},{"name":"مصطفى "},{"name":"ahmadslhab"},{"name":"فادي"},{"name":"Louj"},{"name":"جيسي"},{"name":"Louj"},{"name":"Marwa"},{"name":"جيسي"},{"name":"وضاح"},{"name":"وضاح"},{"name":"Elias dibah"},{"name":"محمد علي العل"},{"name":"Hawraa"},{"name":"Hawraa"},{"name":"عبدالرحمن"},{"name":"Hawraa"},{"name":"يحيى"},{"name":"يحيى"},{"name":"بيهس"},{"name":"بيهس"},{"name":"أسامة السيد"},{"name":"نور الدين خلي"},{"name":"Tala"},{"name":"مريم "},{"name":"هزار"},{"name":"مريم "},{"name":"مريم"},{"name":""},{"name":"Eliasdibah"},{"name":"يزن حجازي"},{"name":"يزن حجازي"},{"name":"يزن حجازي"},{"name":"يزن حجازي"},{"name":"يزن حجازي"},{"name":"يزن حجازي"},{"name":"يزن حجازي"},{"name":"يزن حجازي"},{"name":"يزن حجازي"},{"name":"عدي"},{"name":"محمد"},{"name":"آيات الحاج يو"},{"name":"بتول ضاهر"},{"name":"بتول ضاهر"},{"name":"بتول ضاهر"},{"name":"بتول ضاهر"},{"name":"اسماء"},{"name":"ربا المحمد"},{"name":"حنين"},{"name":"ربا المحمد"},{"name":"نور ابراهيم ع"},{"name":"Basheer"},{"name":"مريومة"},{"name":"مريومة"},{"name":"مريومة"},{"name":"نور ابراهيم ع"},{"name":"محمد"},{"name":""},{"name":"رامي"},{"name":"رامي"},{"name":"رامي"},{"name":"رامي"},{"name":"Saleh"},{"name":"فاطمه"},{"name":"شهد"},{"name":"فاطمه"},{"name":"احمد"},{"name":"احمد"},{"name":"احمد"},{"name":"احمد"},{"name":"احمد"},{"name":"احمد"},{"name":"احمد"},{"name":"احمد"},{"name":""},{"name":"ماريا"},{"name":"ساره "},{"name":"ساره "},{"name":"دانية"},{"name":"رند"},{"name":"ساره "},{"name":"ريحانا"},{"name":"ريحانا"},{"name":"محمد"},{"name":"رامي"},{"name":"Ju"},{"name":"Ju"},{"name":"نورس"},{"name":"مروة"},{"name":"مروة"},{"name":"حيدر"},{"name":"بيان"},{"name":"بيان"},{"name":"بيان"},{"name":"Rawaa"},{"name":"Hamza"},{"name":"علي عباده"},{"name":"Rn1230"},{"name":"شفاء "},{"name":"زينب"},{"name":"زينب"},{"name":"Maryam Sandeh"},{"name":"محمد"},{"name":""},{"name":""},{"name":""},{"name":""},{"name":"اسراء"},{"name":"حنين"},{"name":"حنين"},{"name":"Nour"},{"name":""},{"name":"اسراء"},{"name":"Salma"},{"name":""},{"name":"راما"},{"name":"Nour"},{"name":"محمد"},{"name":"ميرو"},{"name":"ميرو"},{"name":"ميرو"},{"name":"ميرو"},{"name":"ميرو"},{"name":"ميرو"},{"name":"ميرو"},{"name":"إيمان"},{"name":"حنان"},{"name":"حنان"},{"name":""},{"name":"بشار"},{"name":"بشار"},{"name":"بشار"},{"name":"بشار"},{"name":"بشار"},{"name":"بشار"},{"name":"بشار"},{"name":"بشار"},{"name":"أمجد"},{"name":""},{"name":"Mahmood Afara"},{"name":"رغد"},{"name":"suleiman"},{"name":"رشد"},{"name":"ملاك نورالدين"},{"name":"الياس"},{"name":"لولو"},{"name":"Lolo"},{"name":"تركي"},{"name":"تركي"},{"name":"هديل"},{"name":"هديل"},{"name":"هديل"},{"name":"هديل"},{"name":"هديل"},{"name":"هديل"},{"name":"مريم تغلب "},{"name":""},{"name":"ريان"},{"name":"Ttt"},{"name":"قيصر "},{"name":"قيصر "},{"name":"Ttt"},{"name":"Ttt"},{"name":"Mostafa"},{"name":"آلاء"},{"name":"إيمان "},{"name":"حلا"},{"name":"بشار"},{"name":"سهام "},{"name":"Fadearbash"},{"name":"Fadearbash"},{"name":"Fadearbash"},{"name":"Fadearbash"},{"name":"Fadearbash"},{"name":"ساندرا "},{"name":"ساندرا "},{"name":"راجح"},{"name":"Rajeh"},{"name":"Rajeh"},{"name":"Rajeh"},{"name":"Rajeh"},{"name":"Rajeh"},{"name":"Rajeh"},{"name":"Rajeh"},{"name":"Rajeh"},{"name":"Rajeh"},{"name":"Rajeh"},{"name":"Rajeh"},{"name":"Rajeh"},{"name":"Rajeh"},{"name":"Rajeh"},{"name":"علاء"},{"name":"مؤيد"},{"name":"رؤوف "},{"name":"أميرة الجدا "},{"name":"محمد "},{"name":"محمد"},{"name":""},{"name":"لجين"},{"name":"غيث "},{"name":"سامر عيسى "},{"name":"Ammar"},{"name":"yazan"},{"name":"Dalia "},{"name":"Dalia "},{"name":"Dalia "},{"name":"راما"},{"name":"مريم"},{"name":"نور"},{"name":"Mohammad"},{"name":"Salma"},{"name":"Afraa"},{"name":"Afraa"},{"name":"شهد"},{"name":"شهد"},{"name":"Nour"},{"name":"Nour"},{"name":"Nour"},{"name":"Nour"},{"name":"هبه"},{"name":"يقين"},{"name":"هديل "},{"name":"هديل "},{"name":"Sema Jappan"},{"name":"Sema Jappan"},{"name":"Sema Jappan"},{"name":"Sema Jappan"},{"name":"Sema Jappan"},{"name":"Sema Jappan"},{"name":"Sema Jappan"},{"name":"Sema Jappan"},{"name":"Sema Jappan"},{"name":"ثريا "},{"name":"علي الدايري"},{"name":"حسن"},{"name":"حسن"},{"name":"حسن"},{"name":"حسن"},{"name":"حسن"},{"name":"حسن"},{"name":"حسن"},{"name":"حسن"},{"name":"حسن"},{"name":"حسن"},{"name":"حسن"},{"name":"Tasneem "},{"name":"عمران"},{"name":"بتول "},{"name":"احمد"},{"name":"احمد"},{"name":"Aya"},{"name":"Sedra"},{"name":"Sedra "},{"name":"Sedra"},{"name":"Sedra"},{"name":"Sedra"},{"name":"Sedra"},{"name":"Sedra"},{"name":"Sedra"},{"name":"Sedra"},{"name":"Sedra"},{"name":"Sedra"},{"name":"Sedra"},{"name":"Sedra"},{"name":"Sedra"},{"name":"علي سواس"},{"name":"رنيم"},{"name":"Rama"},{"name":"شهد ❤️"},{"name":"شهد ❤️"},{"name":"شهد ❤️"},{"name":"Ahmaddere"},{"name":"شهد ❤️"},{"name":""},{"name":"يلوى"},{"name":"Ahmed AlNasse"},{"name":"محمد "},{"name":"محمد "},{"name":"ليث"},{"name":"رؤى "},{"name":"رؤى "},{"name":"نايا"},{"name":"نايا"},{"name":"نايا"},{"name":"نايا"},{"name":"نايا"},{"name":"Lole"},{"name":""},{"name":""},{"name":"لونا"},{"name":"لونا"},{"name":"لونا"},{"name":"لونا"},{"name":"صابرين"},{"name":"لونا"},{"name":"Mazen"},{"name":"Mazen"},{"name":"حيدره "},{"name":"حيدره "},{"name":"عمر"},{"name":"samer"},{"name":"حسين"},{"name":"محمد نور "},{"name":"محمد نور "},{"name":"نور "},{"name":"Ali alhalaki"},{"name":"أحمد "},{"name":"فاطمة "},{"name":"سدرة"},{"name":"عامر"},{"name":"غنوه"},{"name":"غنوه"},{"name":"غنوه"},{"name":"غنوه"},{"name":"غنوه"},{"name":"غنوه"},{"name":"غنوه"},{"name":"اميرة"},{"name":""},{"name":"walaa hunbazl"},{"name":"walaa hunbazl"},{"name":"اسماء"},{"name":"اسماء"},{"name":"Salsabil "},{"name":"Salsabil "},{"name":"Salsabil "},{"name":"Salsabil "},{"name":"Salsabil "},{"name":"Salsabil "},{"name":"Salsabil "},{"name":"Salsabil "},{"name":"Salsabil "},{"name":"Salsabil "},{"name":"Salsabil "},{"name":"Salsabil "},{"name":"Salsabil "},{"name":"Salsabil "},{"name":"Salsabil "},{"name":"Salsabil "},{"name":"Salsabil "},{"name":"Salsabil "},{"name":"Salsabil "},{"name":"Salsabil "},{"name":"Salsabil "},{"name":"Salsabil "},{"name":"د رنيم الحاج "},{"name":"Gb"},{"name":"Reham ibrahee"},{"name":"Tara alnaqeeb"},{"name":"SAMER"},{"name":"رامي"},{"name":"  Mariam made"},{"name":"احلام"},{"name":"احلام"},{"name":"Ahlam"},{"name":"Ruha"},{"name":"عبادة"},{"name":"اسراء العيسى"},{"name":"علي"},{"name":""},{"name":"سيدرا "},{"name":"رامي"},{"name":"علي"},{"name":"Sss"},{"name":"مجد الدين "},{"name":"أحمد السحلي"},{"name":"ناصر"},{"name":"ساره بدرالدين"},{"name":"Fahad"},{"name":"Salma"},{"name":"احلام"},{"name":"ساندي"},{"name":"ساندي"},{"name":"ساندي"},{"name":"ساندي"},{"name":"ساندي"},{"name":"Aya"},{"name":"رامي"},{"name":"Mnhj"},{"name":"Nbb"},{"name":"آية"},{"name":"آية"},{"name":"جوى"},{"name":"Vvrte"},{"name":"لين"},{"name":"رامي"},{"name":"ميريان"},{"name":"جنى"},{"name":"جنى"},{"name":"جنى"},{"name":"جنى"},{"name":"جنى"},{"name":"جنى"},{"name":"جنى"},{"name":"جنى"},{"name":"جنى"},{"name":"جنى"},{"name":"جنى"},{"name":"جنى"},{"name":"جنى"},{"name":"جنى"},{"name":"جنى"},{"name":"Taymaa"},{"name":"Taymaa"},{"name":"Taymaa"},{"name":"Taymaa"},{"name":"Taymaa"},{"name":"Taymaa"},{"name":"Ghadeer dakoo"},{"name":"Rawaa"},{"name":"يمنى سريول"},{"name":"Amany"},{"name":"دانيا"},{"name":"غزل صقر"},{"name":"هدى"},{"name":"هدى"},{"name":"هدى"},{"name":"Huda"},{"name":"تسنيم "},{"name":"Salma"},{"name":"طارق"},{"name":"طارق "},{"name":""},{"name":"زين"},{"name":"فراس"},{"name":"فراس"},{"name":"Feras"},{"name":"Feras"},{"name":"Feras"},{"name":"Feras"},{"name":"Feras"},{"name":"Feras"},{"name":"Feras"},{"name":"Feras"},{"name":"مريم"},{"name":"وفاء"},{"name":"وفاء"},{"name":"وفاء"},{"name":"وفاء"},{"name":"وفاء"},{"name":""},{"name":""},{"name":""},{"name":""},{"name":""},{"name":"وفاء "},{"name":"وفاء "},{"name":"وفاء "},{"name":"وفاء "},{"name":"وفاء "},{"name":"وفاء "},{"name":"وفاء "},{"name":"وفاء "},{"name":"وفاء "},{"name":"وفاء "},{"name":"وفاء "},{"name":"وفاء "},{"name":"وفاء "},{"name":"وفاء "},{"name":"Daryl dyxon "},{"name":"رويدا"},{"name":"Rowaida"},{"name":"وليد خالد كرج"},{"name":"غدير"},{"name":"Faraah"},{"name":"Faraah"},{"name":"فاطمه"},{"name":"H"},{"name":"رفيف"},{"name":"رفيف"},{"name":"زينب "},{"name":"زينب "},{"name":""},{"name":"Reem"},{"name":"علاؤؤ"},{"name":"امل "},{"name":"محمد"},{"name":"Asrar"},{"name":"Asrar"},{"name":"Asrar"},{"name":"Asrar"},{"name":"Asrar"},{"name":"نورس"},{"name":"بيسان"},{"name":"محمد حسين عزو"},{"name":"Shahed"},{"name":"رنيم "},{"name":"ليث "},{"name":"بيسان مجد محف"},{"name":"غزل"},{"name":"Shoaib "},{"name":"يمان "},{"name":"بيان"},{"name":"بيان"},{"name":"بيان"},{"name":"Rawaa Bahlol"},{"name":"شهد"},{"name":""},{"name":""},{"name":"ريم "},{"name":"ريم "},{"name":"ريم "},{"name":"ريم "},{"name":"ريم "},{"name":"ريم "},{"name":"ريم "},{"name":"ريم "},{"name":"ريم "},{"name":"ريم "},{"name":"ريم "},{"name":"ريم "},{"name":"ريم "},{"name":"ريم "},{"name":"ريم "},{"name":"ريم "},{"name":"ريم "},{"name":"ريم "},{"name":"ريم "},{"name":"MAYA"},{"name":"يزن"},{"name":"عبد الرحمن"},{"name":"علي"},{"name":"Marwa Sharowf"},{"name":"وفاء"},{"name":"Asd"},{"name":"يازد"},{"name":"Rrrr"},{"name":"Rrrr"},{"name":"Rrrr"},{"name":"Rrrr"},{"name":"Rrrr"},{"name":"Rrrr"},{"name":"Rrrr"},{"name":"Rrrr"},{"name":"Rrrr"},{"name":"Rrrr"},{"name":"Rrrr"},{"name":"Rrrr"},{"name":"Rrrr"},{"name":"Rrrr"},{"name":"Rrrr"},{"name":"Rrrr"},{"name":"Rrrr"},{"name":"Rrrr"},{"name":"Rrrr"},{"name":"Rrrr"},{"name":"Rrrr"},{"name":"Rrrr"},{"name":"Rrrr"},{"name":"Rrrr"},{"name":"Rrrr"},{"name":"Rrrr"},{"name":"Rrrr"},{"name":"Rrrr"},{"name":"Rrrr"},{"name":"Rrrr"},{"name":"Rrrr"},{"name":"Rrrr"},{"name":"Rrrr"},{"name":"Rrrr"},{"name":"Rrrr"},{"name":"Rrrr"},{"name":"Rrrr"},{"name":"Rrrr"},{"name":"Rrrr"},{"name":"Rrrr"},{"name":"Rrrr"},{"name":"Rrrr"},{"name":"Rrrr"},{"name":"Rrrr"},{"name":"Rrrr"},{"name":"Rrrr"},{"name":"Rrrr"},{"name":"Rrrr"},{"name":"Rrrr"},{"name":"Rrrr"},{"name":"Rrrr"},{"name":"Rrrr"},{"name":"Rrrr"},{"name":"Rrrr"},{"name":"Rrrr"},{"name":"Rrrr"},{"name":"Rrrr"},{"name":"Rrrr"},{"name":"زينة"},{"name":"احمد"},{"name":"ريم"},{"name":"ريم"},{"name":"Bsbd"},{"name":"مسلم"},{"name":"مسلم"},{"name":"رنيم "},{"name":"رنيم "},{"name":"نور"},{"name":"مها"},{"name":"وئام"},{"name":"Sema Jappan"},{"name":"Bashar"},{"name":"Totti"},{"name":"Ayat"},{"name":"عبدالمجيد "},{"name":".."},{"name":".."},{"name":".."},{"name":".."},{"name":".."},{"name":".."},{"name":".."},{"name":".."},{"name":".."},{"name":".."},{"name":".."},{"name":".."},{"name":".."},{"name":".."},{"name":".."},{"name":".."},{"name":".."},{"name":".."},{"name":".."},{"name":".."},{"name":".."},{"name":".."},{"name":".."},{"name":"Rose"},{"name":".."},{"name":"rose"},{"name":"rose"},{"name":"rose"},{"name":"دينا"},{"name":"حنين"},{"name":"Nadia"},{"name":"أحمد"},{"name":"عبدالعزيز"},{"name":"هبة"},{"name":"خالد"},{"name":"."},{"name":"Naya"},{"name":"آلاء شامية"},{"name":"ليال"},{"name":"Hamza Abdalrr"},{"name":""},{"name":""},{"name":"لجين "},{"name":"دانيا"},{"name":""},{"name":"عبدالرحمن زيد"},{"name":"محمد"},{"name":"Zin"},{"name":"George Toubal"},{"name":"George Toubal"},{"name":"جلنار "},{"name":"جلنار "},{"name":"حيدر "},{"name":"جلنار "},{"name":""},{"name":"شهد "},{"name":"مجد الدين الف"},{"name":"رغد"},{"name":"مصطفى"},{"name":"إناس"},{"name":"إناس"},{"name":"rose"},{"name":"Hiba"},{"name":"Hiba"},{"name":"NANA"},{"name":"NANA"},{"name":"NANA"},{"name":"NANA"},{"name":"ميس"},{"name":"مهند"},{"name":"مهند"},{"name":"Ali.K"},{"name":"محمد"},{"name":"بانا"},{"name":"بانا"},{"name":"بانا"},{"name":"بانا"},{"name":"بانا"},{"name":"بانا"},{"name":"بانا"},{"name":"Bana"},{"name":"Bana"},{"name":"Bana"},{"name":"Bana"},{"name":"Bana"},{"name":"Bana"},{"name":"Bana"},{"name":"Bana"},{"name":"Bana"},{"name":"Bana"},{"name":"Bana"},{"name":"Bana"},{"name":"Bana"},{"name":"Bana"},{"name":"Bana"},{"name":"نت"},{"name":"Hala"},{"name":"بيلسان "},{"name":""},{"name":"رحاب"},{"name":"دعاء"},{"name":".."},{"name":"علي حسن"},{"name":"Kindaaa"},{"name":"kinda"},{"name":"kinda"},{"name":"kinda"},{"name":"kinda"},{"name":"kinda"},{"name":"Zen"},{"name":"يقين"},{"name":"Ahmed"},{"name":"Sedra "},{"name":"Shaza khaddou"},{"name":"Shaza khaddou"},{"name":"Shaza khaddou"},{"name":"Shaza khaddou"},{"name":"Shaza Khaddou"},{"name":"Shaza Khaddou"},{"name":"Karam"},{"name":"آسيا "},{"name":"آسيا "},{"name":"آسيا "},{"name":"آسيا "},{"name":"آسيا "},{"name":"آسيا "},{"name":"آسيا "},{"name":"آسيا "},{"name":"آسيا "},{"name":"آسيا "},{"name":"آسيا "},{"name":"آسيا "},{"name":"آسيا "},{"name":"آسيا "},{"name":"آسيا "},{"name":"آسيا "},{"name":"آسيا "},{"name":"آسيا "},{"name":"آسيا "},{"name":"آسيا "},{"name":"آسيا "},{"name":"آسيا "},{"name":"آسيا "},{"name":"آسيا "},{"name":"آسيا "},{"name":"آسيا "},{"name":"آسيا "},{"name":"آسيا "},{"name":"آسيا "},{"name":"آسيا "},{"name":"آسيا "},{"name":"آسيا "},{"name":"آسيا "},{"name":"آسيا "},{"name":"آسيا "},{"name":"آسيا "},{"name":"آسيا "},{"name":"آسيا "},{"name":"آسيا "},{"name":"آسيا "},{"name":"آسيا "},{"name":"آسيا "},{"name":"آسيا "},{"name":"آسيا "},{"name":"آسيا "},{"name":"آسيا "},{"name":""},{"name":""},{"name":""},{"name":""},{"name":""},{"name":""},{"name":""},{"name":""},{"name":""},{"name":""},{"name":""},{"name":""},{"name":""},{"name":""},{"name":""},{"name":""},{"name":""},{"name":""},{"name":""},{"name":""},{"name":""},{"name":""},{"name":""},{"name":""},{"name":""},{"name":""},{"name":""},{"name":""},{"name":""},{"name":""},{"name":"Asia "},{"name":"Asia "},{"name":"آسيا "},{"name":"آسيا "},{"name":"آسيا "},{"name":"آسيا "},{"name":"آسيا "},{"name":"آسيا "},{"name":"آسيا "},{"name":"آسيا "},{"name":"آسيا "},{"name":"آسيا "},{"name":"آسيا "},{"name":"آسيا "},{"name":"آسيا "},{"name":""},{"name":""},{"name":""},{"name":""},{"name":""},{"name":""},{"name":""},{"name":"آسيا "},{"name":"آسيا "},{"name":"آسيا "},{"name":""},{"name":"آسيا "},{"name":"Asia "},{"name":"روعة"},{"name":"هلي"},{"name":"هنادي زكره"},{"name":"اسراء "},{"name":"Ali.K"},{"name":"نانسي"},{"name":"نانسي"},{"name":"آية رباح "},{"name":"بازغ"},{"name":""},{"name":"أمجد"},{"name":"ميسم جعفر"},{"name":"آية حيدر "},{"name":"دلع"},{"name":"Ghdd"},{"name":"دلع"},{"name":"دلع"},{"name":"دلع"},{"name":"دلع"},{"name":"دلع"},{"name":"دلع"},{"name":"دلع"},{"name":"دلع"},{"name":"دلع"},{"name":"Haf"},{"name":"دلع حلوه"},{"name":"شهد"},{"name":"دلع"},{"name":"دلع حلوه"},{"name":"Veronika"},{"name":"اسامة الكردي "},{"name":"Zahraa "},{"name":"إيلين علي"},{"name":"رنيم"},{"name":"ذو الفقار "},{"name":"رهام"},{"name":"رهام"},{"name":""},{"name":"علي حسن"},{"name":""},{"name":"Haidar Al Knt"},{"name":"نوار"},{"name":"Hiba shaban "},{"name":"اية"},{"name":"اية"},{"name":"اية"},{"name":"اية"},{"name":"اية"},{"name":"اية"},{"name":"اية"},{"name":"اية"},{"name":"Aya "},{"name":"منى هزي "},{"name":""},{"name":"ندى"},{"name":"علا"},{"name":"فاطمة"},{"name":"كرم شمّه"},{"name":"شذى"},{"name":"شذى"},{"name":"سيدره"},{"name":"انجي"},{"name":"محمد جاسم الد"},{"name":"أسامة الحميد"},{"name":"Ammar"},{"name":"نور"},{"name":"رامي"},{"name":"جودي"},{"name":"Jouliana"},{"name":"ديما"},{"name":"ديما"},{"name":"آيات"},{"name":"أنجيلا"},{"name":"أنجيلا"},{"name":"أنجيلا"},{"name":"أنجيلا"},{"name":"محمود العيسى"},{"name":"Majd"},{"name":"الغيدق"},{"name":"علي"},{"name":"علي"},{"name":"ليليان"},{"name":"أحمد"},{"name":"FADI"},{"name":"Salma "},{"name":"Shaden"},{"name":"Ghina"},{"name":"Nunbar"},{"name":"Nunbar"},{"name":"Nunbar"},{"name":"عمر"},{"name":"جنى"},{"name":"دانيا "},{"name":"سيدرا طلعت "},{"name":"شهد"},{"name":"شهد"},{"name":"شهد"},{"name":"شهد"},{"name":"شهد"},{"name":"شهد"},{"name":"شهد"},{"name":"سيدرا طلعت "},{"name":"عيسر"},{"name":"سيدره"},{"name":"نايا"},{"name":"كندة"},{"name":"ميريم "},{"name":"Lujain"},{"name":"أحمد"},{"name":"فادي"},{"name":"فادي"},{"name":" Zeina"},{"name":"بازغ"},{"name":"يونان"},{"name":"Laith"},{"name":"Laith"},{"name":"راما"},{"name":"BAZEGH"},{"name":"Sedra"},{"name":""},{"name":"محد"},{"name":"امجد"},{"name":"امجد"},{"name":"يارب كندة تخل"},{"name":"يارب كندة تخل"},{"name":"Gh"},{"name":"Sedra"},{"name":""},{"name":""},{"name":"عبدالله"},{"name":"Abdullah"},{"name":"Abdullah"},{"name":"Abdullah"},{"name":"كمال"},{"name":"Iyan"},{"name":"Marla"},{"name":"محمد "},{"name":"يونان"},{"name":"مؤيد"},{"name":"مؤيد"},{"name":"آية حيدر "},{"name":"Tasnim Dush"},{"name":"Ali"},{"name":"Ali"},{"name":"Ali"},{"name":"Ali"},{"name":"Ali"},{"name":"Ali"},{"name":"Ali"},{"name":"Batool"},{"name":"Ziena"},{"name":"Tuka"},{"name":"Bnn"},{"name":"Koo"},{"name":"Hj"},{"name":"حنين"},{"name":"حنين"},{"name":"حنين"},{"name":"حنين"},{"name":"حنين"},{"name":"محمد "},{"name":"محمد "},{"name":"جنى زيتون"},{"name":"سونيا عبود"},{"name":"ريم"},{"name":"أحمد "},{"name":"أحمد "},{"name":"حسن"},{"name":"محمد "},{"name":"admin"},{"name":""},{"name":"J"},{"name":"Jehad teftafe"},{"name":"علي"},{"name":"علي"},{"name":"Aya alsulh"},{"name":"خالد"},{"name":"حلا"},{"name":"حلا"},{"name":"Hala"},{"name":"دارين"},{"name":"Anas"},{"name":""},{"name":"ssm"},{"name":""},{"name":"ssamcd"},{"name":"اية"},{"name":"مكزون"},{"name":"عبدالله شيخ ب"},{"name":"عبدالله شيخ ب"},{"name":"عبدالله شيخ ب"},{"name":"عبدالله شيخ ب"},{"name":"Yasmin "},{"name":"شهد"},{"name":"شهد"},{"name":"علي غالب العج"},{"name":"نور"},{"name":"AA"},{"name":"sadsda"},{"name":"ASD"},{"name":"MASD"},{"name":""},{"name":"لين "},{"name":"حسن"},{"name":"ربيع"},{"name":"Hasan"},{"name":"بتول"},{"name":"Ali"},{"name":"Ali"},{"name":"Ali"},{"name":"عيسى "},{"name":"عيسى "},{"name":"ذو الفقار "},{"name":"Marla"},{"name":"ليث"},{"name":"دعاء"},{"name":"تمام"},{"name":"Hussien"},{"name":"ريحانا"},{"name":"سميا"},{"name":"وسام"},{"name":"حسن"},{"name":"حمزة"},{"name":"Aya"},{"name":"محمد ليفا"},{"name":"محمد ليفا"},{"name":"محمد ليفا"},{"name":"محمد ليفا"},{"name":"محمد ليفا"},{"name":"محمد ليفا"},{"name":"محمد ليفا"},{"name":"محمد ليفا"},{"name":"محمد ليفا"},{"name":"محمد ليفا"},{"name":"محمد ليفا"},{"name":"محمد ليفا"},{"name":"محمد ليفا"},{"name":"محمد ليفا"},{"name":"محمد ليفا"},{"name":"محمد ليفا"},{"name":"محمد ليفا"},{"name":"محمد ليفا"},{"name":"محمد ليفا"},{"name":"محمد ليفا"},{"name":"محمد ليفا"},{"name":"محمد ليفا"},{"name":"محمد ليفا"},{"name":"محمد ليفا"},{"name":"محمد ليفا"},{"name":"محمد ليفا"},{"name":"محمد ليفا"},{"name":"محمد ليفا"},{"name":"محمد ليفا"},{"name":"محمد ليفا"},{"name":"محمد ليفا"},{"name":"محمد ليفا"},{"name":"محمد ليفا"},{"name":"محمد ليفا"},{"name":"محمد ليفا"},{"name":"محمد ليفا"},{"name":"محمد ليفا"},{"name":"محمد ليفا"},{"name":"محمد ليفا"},{"name":"محمد ليفا"},{"name":"محمد ليفا"},{"name":"محمد ليفا"},{"name":"محمد ليفا"},{"name":"محمد ليفا"},{"name":"محمد ليفا"},{"name":"ريم"},{"name":"ريم"},{"name":"ريم"},{"name":"Shahed♡ "},{"name":"عبد"},{"name":"saro"},{"name":"حسين "},{"name":"حسين "},{"name":"رغد "},{"name":"Raghad kh"},{"name":"Raghad kh"},{"name":"Aya alsulh"},{"name":"شهد"},{"name":"لين"},{"name":"Ggh"},{"name":"تيماء"},{"name":"حسين "},{"name":"خليل"},{"name":"ديما"},{"name":"ديما"},{"name":"شهد"},{"name":""},{"name":""},{"name":"بيان"},{"name":"بيان"},{"name":"مرام "},{"name":"مرام "},{"name":"مرام"},{"name":"علا"},{"name":"K"},{"name":"زينب "},{"name":"Ghassan"},{"name":"محمد"},{"name":""},{"name":"Laith"},{"name":"حيدر"},{"name":"حيدر"},{"name":"بيبي"},{"name":"رغد زعتر"},{"name":"رغد زعتر"},{"name":"رغد زعتر"},{"name":"رغد زعتر"},{"name":""},{"name":"صابرين"},{"name":"صابرين"},{"name":"صابرين"},{"name":"صابرين"},{"name":"حيدر"},{"name":""},{"name":"ابراهيم"},{"name":"ابراهيم"},{"name":"ابراهيم"},{"name":"ابراهيم"},{"name":"ابراهيم "},{"name":"ابراهيم "},{"name":"ابراهيم"},{"name":"ابراهيم "},{"name":"فاطمة"},{"name":"عمران"},{"name":"عمران"},{"name":"عمران"},{"name":"عمران"},{"name":"عمران"},{"name":"عمران"},{"name":"عمران"},{"name":"عمران"},{"name":"عمران"},{"name":"عمران"},{"name":"عمران"},{"name":"عمران"},{"name":"عمران"},{"name":"عمران"},{"name":"عمران"},{"name":"عمران"},{"name":"عمران"},{"name":"عمران"},{"name":"عمران"},{"name":"عمران"},{"name":"عمران"},{"name":"عمران"},{"name":"حيدرة"},{"name":"حيدرة"},{"name":"جمان"},{"name":"ندى الحمد "},{"name":"نور الدين خلي"},{"name":"moon"},{"name":"محمد لؤي"},{"name":"رغد زعتر"},{"name":"محمد غانم"},{"name":"Esraa Alkhali"},{"name":""},{"name":"Seba daood"},{"name":"moon"},{"name":"moon"},{"name":"moon"},{"name":"moon"},{"name":"moon"},{"name":"تيدي"},{"name":"المى الرجا"},{"name":"ثناء"},{"name":"تيماء"},{"name":"اليسار علي حم"},{"name":"سدره"},{"name":"Yara sam"},{"name":"Kawther abo e"},{"name":"حنين"},{"name":"حنين"},{"name":"مريم سرحان"},{"name":"بيان نقاوة"},{"name":"نور الهدى حدي"},{"name":"بيان نقاوة"},{"name":"ردينه"},{"name":"ردينه"},{"name":"ردينه"},{"name":"ردينه"},{"name":"ردينه"},{"name":"ردينه"},{"name":"ردينه"},{"name":"ردينه"},{"name":"ردينه"},{"name":"خالد"},{"name":"Zeina"},{"name":"زين"},{"name":"رفيف "},{"name":"غنوه"},{"name":"غنوه"},{"name":"غنوه"},{"name":"غنوه"},{"name":"Mjd"},{"name":"غزل الجمال "},{"name":"ميريان"},{"name":"ميريان"},{"name":"ميريان"},{"name":"جواهر"},{"name":"جواهر"},{"name":"ميريان"},{"name":"ميريان"},{"name":"ميريان"},{"name":"ميريان"},{"name":"ميريان"},{"name":"ميريان"},{"name":"ميريان"},{"name":"ميريان"},{"name":"ميريان"},{"name":"ميريان"},{"name":"ميريان"},{"name":"ميريان"},{"name":"ميريان"},{"name":"ميريان"},{"name":"ميريان"},{"name":"ميريان"},{"name":"ميريان"},{"name":"ميريان"},{"name":"ميريان"},{"name":"Hiba"},{"name":"عيسى عويدات "},{"name":"شهد "},{"name":"حنين"},{"name":"حنين"},{"name":"Zena"},{"name":"Zena"},{"name":"مرح حاتم هلال"},{"name":"شفاء "},{"name":"Maya Mhalla"},{"name":"هبة"},{"name":"Ib"},{"name":"أحمد حمد"},{"name":"ديما"},{"name":""},{"name":"إيناس"},{"name":"Muhammed "},{"name":"Muhammed "},{"name":"Raneem Fahda"},{"name":"محمد"},{"name":"H. R."},{"name":"حمزه"},{"name":"غنوة"},{"name":"شهد"},{"name":"دارين"},{"name":"إيناس"},{"name":"Jaafar"},{"name":"يمان"},{"name":"لين"},{"name":"خيدر"},{"name":"رند"},{"name":"آية"},{"name":"سمادير البقاد"},{"name":"Tarek"},{"name":"نور"},{"name":"لين"},{"name":""},{"name":"Samader"},{"name":"علا "},{"name":"مريم"},{"name":"ربيع"},{"name":"حيدر"},{"name":"Hajar"},{"name":"شادن"},{"name":"لبنى"},{"name":"هاجر صفوان ال"},{"name":"ربيع"},{"name":"شادن"},{"name":"أريج"},{"name":"نور"},{"name":"Bushra"},{"name":"هاجر صفوان ال"},{"name":"نور"},{"name":"Zein"},{"name":"غياث"},{"name":"حيدر"},{"name":"سراء"},{"name":"عمر"},{"name":"Tareq"},{"name":"عمر"},{"name":"صبا"},{"name":"علا "},{"name":"أريج"},{"name":"حنين"},{"name":"Mo"},{"name":"حيان قرموشة "},{"name":"م"},{"name":"ساره"},{"name":"Esterbana "},{"name":"Esterbana "},{"name":""},{"name":""},{"name":""},{"name":""},{"name":"Esterbana "},{"name":"حيدر"},{"name":"حيدر"},{"name":"حيدر"},{"name":"حيدر"},{"name":"حيدر"},{"name":"حيدر"},{"name":"حيدر"},{"name":"حيدر"},{"name":"حيدر"},{"name":"حيدر"},{"name":"حيدر"},{"name":"حيدر"},{"name":"حيدر"},{"name":"حيدر"},{"name":"حيدر"},{"name":"حيدر"},{"name":"حيدر"},{"name":"حيدر"},{"name":"حيدر"},{"name":"رغد"},{"name":"Omar"},{"name":"dsf"},{"name":"زين"},{"name":"زين"},{"name":""},{"name":""},{"name":"رزان خلوف "},{"name":"جواهر"},{"name":"علي"},{"name":"Ali"},{"name":"Mayas"},{"name":"Elham al rfaa"},{"name":"Jana alhadwi"},{"name":"Jana alhadwi"},{"name":"Jana alhadwi"},{"name":"Jana alhadwi"},{"name":"Jana alhadwi"},{"name":"Jana alhadwi"},{"name":"Jana alhadwi"},{"name":"Jana alhadwi"},{"name":"جواهر"},{"name":"جواهر"},{"name":"آلاء"},{"name":"Rana Saleh"},{"name":"Rana Saleh"},{"name":"آلاء"},{"name":"Haneen"},{"name":"Haneen"},{"name":"علاء"},{"name":"علاء"},{"name":"حيدر"},{"name":"Haidar"},{"name":"ميشيل"},{"name":"ميشيل"},{"name":"ميشيل"},{"name":"lkl"},{"name":"Mskdns"},{"name":"حيدر"},{"name":"Sana"},{"name":""},{"name":""},{"name":""},{"name":"N"},{"name":"N"},{"name":"N"},{"name":"رؤى"},{"name":"سدرة "},{"name":"سدرة "},{"name":"M"},{"name":"سِدرة"},{"name":"Sally"},{"name":"Sally"},{"name":"Sally"},{"name":"عثمان"},{"name":"عثمان"},{"name":"mohammad"},{"name":"نور"},{"name":"نور"},{"name":"نور"},{"name":"نور"},{"name":"Nour"},{"name":"Nour"},{"name":"Nour"},{"name":"Nour"},{"name":"Nour"},{"name":"Nour"},{"name":"Nour"},{"name":"Nour"},{"name":"Nour"},{"name":"Nour"},{"name":"Nour"},{"name":"غيث"},{"name":"غيث"},{"name":"عبدالله محمد "},{"name":"عبدالله محمد "},{"name":"أحمد"},{"name":"عبدالله محمد "},{"name":"عبدالله محمد "},{"name":"عبدالله محمد "},{"name":"عبدالله محمد "},{"name":"عبدالله محمد "},{"name":"عبدالله محمد "},{"name":"عبدالله محمد "},{"name":"عبدالله محمد "},{"name":"عبدالله محمد "},{"name":"عبدالله محمد "},{"name":"عبدالله محمد "},{"name":"عبدالله محمد "},{"name":"عبدالله محمد "},{"name":"عبدالله محمد "},{"name":"عبدالله محمد "},{"name":"عبدالله محمد "},{"name":"عمر"},{"name":"مريم"},{"name":"عمر"},{"name":"Omran"},{"name":"Jana alhadwi"},{"name":"Jana alhadwi"},{"name":"رغد"},{"name":"سليمان"},{"name":""},{"name":""},{"name":""},{"name":"Ghassan"},{"name":"Samader Ahmed"},{"name":"Samader Ahmed"},{"name":"Samader Ahmed"},{"name":"Samader Ahmed"},{"name":"Samader Ahmed"},{"name":"Samader "},{"name":"Samader "},{"name":"Samader "},{"name":"Samader "},{"name":"Samader "},{"name":"Sama"},{"name":"عهد"},{"name":"عهد"},{"name":"تركي"},{"name":"علي"},{"name":"Hosam"},{"name":"سهام"},{"name":"هبة"},{"name":"هبة"},{"name":"اياس"},{"name":"haidar"},{"name":"رندا"},{"name":""},{"name":""},{"name":"يونس"},{"name":"أسيل"},{"name":"asmaa"},{"name":"عهد"},{"name":"ميس"},{"name":"Jana alhadwi"},{"name":"Ahmad"},{"name":"احمد"},{"name":"زينة"},{"name":"dd"},{"name":"راما"},{"name":"راما"},{"name":"Zenom"},{"name":"سدره "},{"name":"AHMAD"},{"name":"علي"},{"name":"حيدر"},{"name":"Гайс"},{"name":""},{"name":""},{"name":"mariam othmam"},{"name":"Ali Haidar Sl"},{"name":"غدير "},{"name":"غدير "},{"name":"غدير "},{"name":"غدير "},{"name":"هديل الحفة"},{"name":"saro"},{"name":"علي"},{"name":"ممم"},{"name":"علي"},{"name":"mmm"},{"name":".."},{"name":""},{"name":"محمد"},{"name":"Mohmadalshari"},{"name":"Mohmadalshari"},{"name":"Mohmadalshari"},{"name":"Mohmadalshari"},{"name":"Mohmadalshari"},{"name":"رحمة"},{"name":"رحمة"},{"name":"زينة"},{"name":"زينة"},{"name":"زيزو"},{"name":"Meme "},{"name":"Meme "},{"name":"Sohib"},{"name":"رغد"},{"name":"محمد غانم"},{"name":"Sally"},{"name":"Sally"},{"name":"صبا"},{"name":"صبا"},{"name":"Saally"},{"name":"صبا"},{"name":"صبا"},{"name":"صبا"},{"name":"Гайс"},{"name":"صالح"},{"name":"انس"},{"name":"انس "},{"name":"Sham"},{"name":"محمد حسين"},{"name":"ياسمين"},{"name":"Leen "},{"name":"هند"},{"name":"Ossy"},{"name":"ريم خسن"},{"name":"حسن الجاسم"},{"name":"Jalal"},{"name":"Hanen Alali"},{"name":"تسنيم "},{"name":"Hanen Alali"},{"name":"فرح التمر"},{"name":"آيات الحاج يو"},{"name":"طلحت الخسة"},{"name":"ربيع"},{"name":"مريم"},{"name":"زياد"},{"name":"نيرمين "},{"name":"malek"},{"name":""},{"name":"H.k"},{"name":"Cidra"},{"name":"مريانا"},{"name":"حسن ابراهيم ا"},{"name":"شهد"},{"name":"جفين "},{"name":""},{"name":"حيدر"},{"name":"Yassen "},{"name":"عمر"},{"name":"بلال العمر"},{"name":"مها"},{"name":"نضال "},{"name":"منتظر"},{"name":"Sana kdd"},{"name":"Sara"},{"name":"محمد"},{"name":"نور"},{"name":"منير"},{"name":"علي"},{"name":""},{"name":"حيدره"},{"name":"Mohamad malek"},{"name":"لينا الناصر"},{"name":"يمان صافي"},{"name":"Naya"},{"name":"يوسف"},{"name":"فاطمه درويش"},{"name":"رحمة ابراهيم "},{"name":"Shadi"},{"name":"Esterbana "},{"name":"أنس"}]